product_id,product_name,category,brand,price,sales_count
P000001,壳牌汽车用品商品696,汽车用品,壳牌,4895.89,1228
P000002,华为手机数码商品302,手机数码,华为,7268.72,7265
P000003,老凤祥珠宝首饰商品194,珠宝首饰,老凤祥,1814.9,5432
P000004,优衣库服装鞋包商品572,服装鞋包,优衣库,148.74,9402
P000005,帮宝适母婴用品商品608,母婴用品,帮宝适,39.19,6990
P000006,完美日记美妆护肤商品319,美妆护肤,完美日记,1821.19,4505
P000007,五粮液食品生鲜商品252,食品生鲜,五粮液,44.3,4026
P000008,博世汽车用品商品610,汽车用品,博世,3589.94,9022
P000009,当当图书音像商品189,图书音像,当当,286.98,2248
P000010,美赞臣母婴用品商品758,母婴用品,美赞臣,885.81,8614
P000011,美的家用电器商品491,家用电器,美的,6364.37,5883
P000012,中信出版社图书音像商品900,图书音像,中信出版社,489.83,9267
P000013,哥伦比亚运动户外商品497,运动户外,哥伦比亚,277.73,427
P000014,曲美家居家装商品130,家居家装,曲美,896.81,4602
P000015,荣耀手机数码商品642,手机数码,荣耀,3180.75,9568
P000016,格力家用电器商品202,家用电器,格力,2358.93,3951
P000017,三只松鼠食品生鲜商品882,食品生鲜,三只松鼠,996.43,3594
P000018,诺誓礼品鲜花商品463,礼品鲜花,诺誓,935.85,2846
P000019,欧莱雅美妆护肤商品706,美妆护肤,欧莱雅,670.11,5878
P000020,新秀丽箱包配饰商品820,箱包配饰,新秀丽,703.56,9300
P000021,野兽派礼品鲜花商品676,礼品鲜花,野兽派,948.88,8064
P000022,骆驼运动户外商品279,运动户外,骆驼,495.53,1478
P000023,OPPO手机数码商品716,手机数码,OPPO,2141.07,8625
P000024,当当图书音像商品439,图书音像,当当,918.72,3300
P000025,老凤祥珠宝首饰商品448,珠宝首饰,老凤祥,1448.03,5301
P000026,苹果手机数码商品251,手机数码,苹果,4899.57,2320
P000027,周生生珠宝首饰商品966,珠宝首饰,周生生,1076.28,5978
P000028,海澜之家服装鞋包商品821,服装鞋包,海澜之家,1886.75,6481
P000029,Roseonly礼品鲜花商品444,礼品鲜花,Roseonly,308.75,2235
P000030,珀莱雅美妆护肤商品910,美妆护肤,珀莱雅,1296.57,7982
P000031,卡仕达汽车用品商品278,汽车用品,卡仕达,5803.87,9207
P000032,云南白药医药保健商品328,医药保健,云南白药,668.88,2872
P000033,花王母婴用品商品851,母婴用品,花王,691.61,2086
P000034,雅诗兰黛美妆护肤商品818,美妆护肤,雅诗兰黛,1899.96,6415
P000035,皇家宠物用品商品286,宠物用品,皇家,606.36,3619
P000036,壳牌汽车用品商品608,汽车用品,壳牌,1554.83,1274
P000037,戴森家用电器商品427,家用电器,戴森,1759.16,1453
P000038,网易严选宠物用品商品557,宠物用品,网易严选,21.28,3435
P000039,海尔家用电器商品458,家用电器,海尔,2424.93,1770
P000040,汤臣倍健医药保健商品149,医药保健,汤臣倍健,392.08,6875
P000041,珀莱雅美妆护肤商品604,美妆护肤,珀莱雅,1769.45,5754
P000042,始祖鸟运动户外商品203,运动户外,始祖鸟,830.52,9470
P000043,固特异汽车用品商品266,汽车用品,固特异,3884.66,547
P000044,三只松鼠食品生鲜商品426,食品生鲜,三只松鼠,268.52,1715
P000045,海澜之家服装鞋包商品274,服装鞋包,海澜之家,1781.47,2636
P000046,钙尔奇医药保健商品660,医药保健,钙尔奇,942.42,1525
P000047,东鹏家居家装商品821,家居家装,东鹏,40.68,2703
P000048,诺誓礼品鲜花商品260,礼品鲜花,诺誓,63.02,5424
P000049,西门子家用电器商品519,家用电器,西门子,5728.98,8849
P000050,伊利食品生鲜商品404,食品生鲜,伊利,245.17,813
P000051,强生母婴用品商品257,母婴用品,强生,63.96,62
P000052,飞鹤母婴用品商品401,母婴用品,飞鹤,825.66,9833
P000053,京东图书图书音像商品199,图书音像,京东图书,35.48,2798
P000054,博世汽车用品商品183,汽车用品,博世,4051.78,1892
P000055,福临门食品生鲜商品582,食品生鲜,福临门,494.21,4341
P000056,七匹狼服装鞋包商品289,服装鞋包,七匹狼,773.49,6249
P000057,全友家居家居家装商品556,家居家装,全友家居,54.17,7204
P000058,博库网图书音像商品331,图书音像,博库网,838.71,9244
P000059,小米手机数码商品870,手机数码,小米,5723.53,1584
P000060,海澜之家服装鞋包商品927,服装鞋包,海澜之家,1105.83,9662
P000061,美的家用电器商品960,家用电器,美的,3403.3,8561
P000062,强生母婴用品商品686,母婴用品,强生,882.84,7803
P000063,百草味食品生鲜商品504,食品生鲜,百草味,903.75,568
P000064,361度运动户外商品223,运动户外,361度,949.76,7357
P000065,SK-II美妆护肤商品316,美妆护肤,SK-II,1626.5,2067
P000066,一加手机数码商品180,手机数码,一加,7912.1,7133
P000067,格力家用电器商品954,家用电器,格力,4962.86,5238
P000068,外交官箱包配饰商品189,箱包配饰,外交官,394.22,6510
P000069,哥伦比亚运动户外商品977,运动户外,哥伦比亚,283.44,7506
P000070,新秀丽箱包配饰商品905,箱包配饰,新秀丽,703.41,9626
P000071,始祖鸟运动户外商品215,运动户外,始祖鸟,420.3,2428
P000072,潘多拉礼品鲜花商品696,礼品鲜花,潘多拉,760.79,1641
P000073,外交官箱包配饰商品676,箱包配饰,外交官,781.75,4687
P000074,网易严选宠物用品商品998,宠物用品,网易严选,416.78,6275
P000075,海康威视汽车用品商品685,汽车用品,海康威视,5067.22,613
P000076,自然堂美妆护肤商品512,美妆护肤,自然堂,330.51,9972
P000077,凌度汽车用品商品139,汽车用品,凌度,3468.45,5431
P000078,Swisse医药保健商品150,医药保健,Swisse,748.29,4400
P000079,GUCCI箱包配饰商品120,箱包配饰,GUCCI,344.49,4965
P000080,伊利食品生鲜商品963,食品生鲜,伊利,496.7,1609
P000081,麦富迪宠物用品商品237,宠物用品,麦富迪,307.48,7259
P000082,施华洛世奇珠宝首饰商品375,珠宝首饰,施华洛世奇,1471.16,9911
P000083,壳牌汽车用品商品292,汽车用品,壳牌,3812.87,6671
P000084,东阿阿胶医药保健商品877,医药保健,东阿阿胶,521.34,6126
P000085,皇家宠物用品商品627,宠物用品,皇家,793.58,1075
P000086,福临门食品生鲜商品238,食品生鲜,福临门,782.71,8589
P000087,新秀丽箱包配饰商品277,箱包配饰,新秀丽,200.84,3288
P000088,皇家宠物用品商品355,宠物用品,皇家,42.74,828
P000089,GUCCI箱包配饰商品821,箱包配饰,GUCCI,207.12,6035
P000090,小佩宠物用品商品617,宠物用品,小佩,402.97,2029
P000091,3M汽车用品商品347,汽车用品,3M,3293.5,9732
P000092,京东图书图书音像商品991,图书音像,京东图书,479.84,9033
P000093,圣象家居家装商品267,家居家装,圣象,839.28,4237
P000094,钙尔奇医药保健商品391,医药保健,钙尔奇,37.18,813
P000095,欧莱雅美妆护肤商品977,美妆护肤,欧莱雅,481.63,3688
P000096,固特异汽车用品商品375,汽车用品,固特异,5386.9,8409
P000097,苹果手机数码商品585,手机数码,苹果,7336.37,2837
P000098,Roseonly礼品鲜花商品329,礼品鲜花,Roseonly,259.87,5004
P000099,同仁堂医药保健商品533,医药保健,同仁堂,896.53,5713
P000100,博库网图书音像商品323,图书音像,博库网,472.03,8530
P000101,pidan宠物用品商品698,宠物用品,pidan,111.29,8380
P000102,卡仕达汽车用品商品674,汽车用品,卡仕达,5355.07,9978
P000103,伊利食品生鲜商品800,食品生鲜,伊利,117.02,1045
P000104,索菲亚家居家装商品755,家居家装,索菲亚,331.89,4536
P000105,伊利食品生鲜商品292,食品生鲜,伊利,158.43,3937
P000106,新秀丽箱包配饰商品924,箱包配饰,新秀丽,858.74,9830
P000107,好奇母婴用品商品797,母婴用品,好奇,148.53,417
P000108,海康威视汽车用品商品402,汽车用品,海康威视,2445.7,6857
P000109,帮宝适母婴用品商品854,母婴用品,帮宝适,44.97,9372
P000110,麦富迪宠物用品商品451,宠物用品,麦富迪,729.28,3643
P000111,海康威视汽车用品商品787,汽车用品,海康威视,3188.73,4918
P000112,比瑞吉宠物用品商品960,宠物用品,比瑞吉,661.04,9146
P000113,自然堂美妆护肤商品199,美妆护肤,自然堂,968.02,4237
P000114,善存医药保健商品796,医药保健,善存,900.6,1463
P000115,戴森家用电器商品328,家用电器,戴森,6081.57,5031
P000116,好奇母婴用品商品480,母婴用品,好奇,267.95,4817
P000117,当当图书音像商品581,图书音像,当当,63.14,9561
P000118,潘多拉礼品鲜花商品172,礼品鲜花,潘多拉,477.5,3187
P000119,李宁运动户外商品988,运动户外,李宁,683.89,8680
P000120,福临门食品生鲜商品155,食品生鲜,福临门,872.14,2470
P000121,欧莱雅美妆护肤商品450,美妆护肤,欧莱雅,847.92,9329
P000122,MK箱包配饰商品246,箱包配饰,MK,323.22,2954
P000123,周生生珠宝首饰商品599,珠宝首饰,周生生,698.63,2897
P000124,宜家家居家装商品104,家居家装,宜家,457.53,3430
P000125,老凤祥珠宝首饰商品690,珠宝首饰,老凤祥,1540.74,8021
P000126,周生生珠宝首饰商品232,珠宝首饰,周生生,1248.24,7035
P000127,帮宝适母婴用品商品588,母婴用品,帮宝适,389.48,618
P000128,探路者运动户外商品848,运动户外,探路者,379.37,230
P000129,GUCCI箱包配饰商品875,箱包配饰,GUCCI,834.9,3122
P000130,苹果手机数码商品741,手机数码,苹果,6002.02,3707
P000131,云南白药医药保健商品419,医药保健,云南白药,137.64,6284
P000132,骆驼运动户外商品271,运动户外,骆驼,74.63,749
P000133,伊利食品生鲜商品566,食品生鲜,伊利,730.55,9770
P000134,哥伦比亚运动户外商品544,运动户外,哥伦比亚,889.09,2192
P000135,东鹏家居家装商品467,家居家装,东鹏,752.61,2701
P000136,COACH箱包配饰商品119,箱包配饰,COACH,236.13,2149
P000137,美的家用电器商品703,家用电器,美的,4284.75,2017
P000138,宜家家居家装商品484,家居家装,宜家,877.78,4190
P000139,周大福珠宝首饰商品708,珠宝首饰,周大福,1989.63,1771
P000140,3M汽车用品商品149,汽车用品,3M,5673.12,6828
P000141,新华书店图书音像商品226,图书音像,新华书店,551.81,7772
P000142,善存医药保健商品310,医药保健,善存,698.24,152
P000143,福临门食品生鲜商品777,食品生鲜,福临门,109.97,8524
P000144,良品铺子食品生鲜商品528,食品生鲜,良品铺子,832.35,1718
P000145,李宁运动户外商品389,运动户外,李宁,122.87,1741
P000146,京东图书图书音像商品723,图书音像,京东图书,207.75,4308
P000147,麦富迪宠物用品商品466,宠物用品,麦富迪,706.4,4839
P000148,雅诗兰黛美妆护肤商品661,美妆护肤,雅诗兰黛,1017.89,3402
P000149,东阿阿胶医药保健商品438,医药保健,东阿阿胶,242.16,208
P000150,壳牌汽车用品商品213,汽车用品,壳牌,6764.24,8095
P000151,兰蔻美妆护肤商品898,美妆护肤,兰蔻,1047.83,1659
P000152,LV箱包配饰商品759,箱包配饰,LV,238.85,4850
P000153,五粮液食品生鲜商品151,食品生鲜,五粮液,108.81,2862
P000154,皇家宠物用品商品972,宠物用品,皇家,297.66,5123
P000155,飞鹤母婴用品商品197,母婴用品,飞鹤,852.73,751
P000156,小米手机数码商品779,手机数码,小米,5353.99,5384
P000157,东鹏家居家装商品736,家居家装,东鹏,275.63,1522
P000158,圣象家居家装商品287,家居家装,圣象,122.69,6557
P000159,博库网图书音像商品955,图书音像,博库网,391.86,7835
P000160,潮宏基珠宝首饰商品764,珠宝首饰,潮宏基,1777.94,2732
P000161,H&M服装鞋包商品812,服装鞋包,H&M,1466.5,2611
P000162,七匹狼服装鞋包商品704,服装鞋包,七匹狼,991.22,9321
P000163,海康威视汽车用品商品285,汽车用品,海康威视,5084.92,5875
P000164,Roseonly礼品鲜花商品983,礼品鲜花,Roseonly,687.62,2140
P000165,新华书店图书音像商品215,图书音像,新华书店,888.72,7220
P000166,华为手机数码商品367,手机数码,华为,5412.3,202
P000167,Swisse医药保健商品785,医药保健,Swisse,874.41,8504
P000168,李宁运动户外商品543,运动户外,李宁,665.1,4072
P000169,博库网图书音像商品779,图书音像,博库网,679.53,6305
P000170,雅诗兰黛美妆护肤商品111,美妆护肤,雅诗兰黛,1304.63,2571
P000171,迪卡侬运动户外商品972,运动户外,迪卡侬,500.88,2709
P000172,波司登服装鞋包商品428,服装鞋包,波司登,519.74,4557
P000173,OPPO手机数码商品663,手机数码,OPPO,5324.88,6607
P000174,麦富迪宠物用品商品180,宠物用品,麦富迪,464.5,9388
P000175,当当图书音像商品977,图书音像,当当,503.47,5178
P000176,波司登服装鞋包商品863,服装鞋包,波司登,1324.08,1681
P000177,帮宝适母婴用品商品136,母婴用品,帮宝适,561.56,2
P000178,冠能宠物用品商品910,宠物用品,冠能,608.16,4990
P000179,瑞士军威箱包配饰商品770,箱包配饰,瑞士军威,674.76,5584
P000180,宜家家居家装商品936,家居家装,宜家,230.69,7445
P000181,东鹏家居家装商品833,家居家装,东鹏,660.6,7414
P000182,ZARA服装鞋包商品877,服装鞋包,ZARA,1334.87,35
P000183,圣象家居家装商品949,家居家装,圣象,637.32,4783
P000184,哥伦比亚运动户外商品818,运动户外,哥伦比亚,115.26,2689
P000185,京东图书图书音像商品941,图书音像,京东图书,719.69,6704
P000186,阿迪达斯服装鞋包商品725,服装鞋包,阿迪达斯,432.05,1978
P000187,COACH箱包配饰商品320,箱包配饰,COACH,462.48,3122
P000188,云南白药医药保健商品210,医药保健,云南白药,759.58,761
P000189,外交官箱包配饰商品890,箱包配饰,外交官,892.84,7493
P000190,米其林汽车用品商品610,汽车用品,米其林,532.53,795
P000191,始祖鸟运动户外商品958,运动户外,始祖鸟,589.27,8328
P000192,老凤祥珠宝首饰商品808,珠宝首饰,老凤祥,1178.18,2103
P000193,七匹狼服装鞋包商品773,服装鞋包,七匹狼,1221.06,5273
P000194,始祖鸟运动户外商品528,运动户外,始祖鸟,979.71,4067
P000195,福临门食品生鲜商品451,食品生鲜,福临门,970.79,7419
P000196,老凤祥珠宝首饰商品241,珠宝首饰,老凤祥,854.85,8393
P000197,金龙鱼食品生鲜商品828,食品生鲜,金龙鱼,739.45,9069
P000198,固特异汽车用品商品305,汽车用品,固特异,2072.85,4760
P000199,卡仕达汽车用品商品788,汽车用品,卡仕达,1495.04,2913
P000200,哥伦比亚运动户外商品827,运动户外,哥伦比亚,124.25,5771
P000201,迪卡侬运动户外商品696,运动户外,迪卡侬,574.93,6839
P000202,博世汽车用品商品998,汽车用品,博世,6854.76,209
P000203,李宁运动户外商品125,运动户外,李宁,387.06,869
P000204,3M汽车用品商品304,汽车用品,3M,2502.34,2636
P000205,伊利食品生鲜商品249,食品生鲜,伊利,840.99,4835
P000206,美的家用电器商品467,家用电器,美的,6605.2,1679
P000207,施华洛世奇礼品鲜花商品857,礼品鲜花,施华洛世奇,566.27,3675
P000208,九芝堂医药保健商品343,医药保健,九芝堂,515.81,4712
P000209,汤臣倍健医药保健商品490,医药保健,汤臣倍健,393.68,5122
P000210,安踏运动户外商品113,运动户外,安踏,746.23,3327
P000211,诺誓礼品鲜花商品949,礼品鲜花,诺誓,233.29,6025
P000212,六福珠宝珠宝首饰商品894,珠宝首饰,六福珠宝,1463.58,3170
P000213,五粮液食品生鲜商品281,食品生鲜,五粮液,983.62,1220
P000214,SK-II美妆护肤商品852,美妆护肤,SK-II,1052.0,6180
P000215,一加手机数码商品385,手机数码,一加,4674.49,2131
P000216,自然堂美妆护肤商品105,美妆护肤,自然堂,694.6,2536
P000217,小米手机数码商品430,手机数码,小米,4976.6,4934
P000218,中信出版社图书音像商品663,图书音像,中信出版社,364.5,5207
P000219,探路者运动户外商品288,运动户外,探路者,525.4,8276
P000220,珀莱雅美妆护肤商品656,美妆护肤,珀莱雅,1097.22,1506
P000221,曲美家居家装商品318,家居家装,曲美,666.7,5424
P000222,索菲亚家居家装商品323,家居家装,索菲亚,950.81,8691
P000223,中信出版社图书音像商品943,图书音像,中信出版社,754.61,144
P000224,海澜之家服装鞋包商品556,服装鞋包,海澜之家,518.68,3994
P000225,三星手机数码商品490,手机数码,三星,7369.49,1857
P000226,花王母婴用品商品653,母婴用品,花王,726.74,404
P000227,GUCCI箱包配饰商品626,箱包配饰,GUCCI,804.79,7300
P000228,当当图书音像商品403,图书音像,当当,899.3,3154
P000229,顾家家居家居家装商品198,家居家装,顾家家居,175.72,8814
P000230,安踏运动户外商品741,运动户外,安踏,74.82,3492
P000231,pidan宠物用品商品955,宠物用品,pidan,112.89,8810
P000232,pidan宠物用品商品762,宠物用品,pidan,818.59,1181
P000233,善存医药保健商品124,医药保健,善存,464.63,5434
P000234,华为手机数码商品175,手机数码,华为,907.01,4127
P000235,李宁运动户外商品688,运动户外,李宁,823.4,4237
P000236,帮宝适母婴用品商品561,母婴用品,帮宝适,633.92,7094
P000237,宜家家居家装商品498,家居家装,宜家,676.57,8762
P000238,华为手机数码商品874,手机数码,华为,6094.63,745
P000239,钙尔奇医药保健商品466,医药保健,钙尔奇,928.77,1738
P000240,伊利食品生鲜商品721,食品生鲜,伊利,95.64,7170
P000241,帮宝适母婴用品商品941,母婴用品,帮宝适,664.12,7765
P000242,欧莱雅美妆护肤商品239,美妆护肤,欧莱雅,1506.17,8941
P000243,良品铺子食品生鲜商品405,食品生鲜,良品铺子,680.52,6113
P000244,小米手机数码商品226,手机数码,小米,813.3,9383
P000245,诺誓礼品鲜花商品650,礼品鲜花,诺誓,552.05,1394
P000246,蒙牛食品生鲜商品866,食品生鲜,蒙牛,744.02,5633
P000247,小米家用电器商品761,家用电器,小米,6885.94,2333
P000248,SK-II美妆护肤商品326,美妆护肤,SK-II,1252.93,4140
P000249,海尔家用电器商品285,家用电器,海尔,5532.33,9294
P000250,皇家宠物用品商品971,宠物用品,皇家,753.53,8992
P000251,人民邮电出版社图书音像商品662,图书音像,人民邮电出版社,82.41,1103
P000252,百草味食品生鲜商品302,食品生鲜,百草味,728.33,7982
P000253,圣象家居家装商品231,家居家装,圣象,674.58,3842
P000254,阿迪达斯服装鞋包商品734,服装鞋包,阿迪达斯,186.13,3170
P000255,东鹏家居家装商品561,家居家装,东鹏,335.06,5008
P000256,善存医药保健商品679,医药保健,善存,571.19,5182
P000257,爱他美母婴用品商品104,母婴用品,爱他美,320.08,3629
P000258,九芝堂医药保健商品383,医药保健,九芝堂,841.71,2200
P000259,卡仕达汽车用品商品998,汽车用品,卡仕达,4099.65,7296
P000260,索菲亚家居家装商品598,家居家装,索菲亚,556.16,2879
P000261,壳牌汽车用品商品961,汽车用品,壳牌,2604.62,2293
P000262,瑞士军威箱包配饰商品369,箱包配饰,瑞士军威,736.21,1252
P000263,钙尔奇医药保健商品119,医药保健,钙尔奇,851.09,511
P000264,pidan宠物用品商品887,宠物用品,pidan,594.14,600
P000265,骆驼运动户外商品656,运动户外,骆驼,895.05,8842
P000266,人民邮电出版社图书音像商品893,图书音像,人民邮电出版社,157.15,6430
P000267,松下家用电器商品237,家用电器,松下,3985.26,8362
P000268,七匹狼服装鞋包商品472,服装鞋包,七匹狼,1029.23,3913
P000269,比瑞吉宠物用品商品875,宠物用品,比瑞吉,519.0,7310
P000270,SK-II美妆护肤商品679,美妆护肤,SK-II,1899.99,2395
P000271,东阿阿胶医药保健商品467,医药保健,东阿阿胶,50.02,7989
P000272,海尔家用电器商品370,家用电器,海尔,3270.76,701
P000273,固特异汽车用品商品630,汽车用品,固特异,7307.95,5918
P000274,强生母婴用品商品565,母婴用品,强生,882.74,653
P000275,卡仕达汽车用品商品205,汽车用品,卡仕达,5778.02,8542
P000276,博世汽车用品商品954,汽车用品,博世,6064.32,9480
P000277,361度运动户外商品485,运动户外,361度,657.14,5985
P000278,施华洛世奇礼品鲜花商品955,礼品鲜花,施华洛世奇,87.06,4121
P000279,美赞臣母婴用品商品628,母婴用品,美赞臣,411.78,5653
P000280,新华书店图书音像商品718,图书音像,新华书店,16.53,2276
P000281,京东图书图书音像商品335,图书音像,京东图书,86.32,4600
P000282,格力家用电器商品291,家用电器,格力,1680.18,9863
P000283,钙尔奇医药保健商品776,医药保健,钙尔奇,238.04,5410
P000284,钙尔奇医药保健商品593,医药保健,钙尔奇,678.48,7848
P000285,格力家用电器商品762,家用电器,格力,6750.24,367
P000286,美的家用电器商品230,家用电器,美的,4801.15,2639
P000287,雅诗兰黛美妆护肤商品686,美妆护肤,雅诗兰黛,336.39,2725
P000288,良品铺子食品生鲜商品629,食品生鲜,良品铺子,958.66,9819
P000289,施华洛世奇礼品鲜花商品119,礼品鲜花,施华洛世奇,879.72,4644
P000290,耐克服装鞋包商品559,服装鞋包,耐克,1232.73,7723
P000291,小佩宠物用品商品274,宠物用品,小佩,227.17,6730
P000292,野兽派礼品鲜花商品913,礼品鲜花,野兽派,586.82,2979
P000293,施华洛世奇礼品鲜花商品623,礼品鲜花,施华洛世奇,271.88,5614
P000294,MK箱包配饰商品710,箱包配饰,MK,594.69,3765
P000295,帮宝适母婴用品商品235,母婴用品,帮宝适,117.48,3315
P000296,始祖鸟运动户外商品946,运动户外,始祖鸟,158.07,1577
P000297,薇诺娜美妆护肤商品729,美妆护肤,薇诺娜,1219.64,8706
P000298,李宁运动户外商品195,运动户外,李宁,487.42,2135
P000299,新秀丽箱包配饰商品893,箱包配饰,新秀丽,681.77,7069
P000300,始祖鸟运动户外商品479,运动户外,始祖鸟,876.08,8680
P000301,美赞臣母婴用品商品921,母婴用品,美赞臣,487.3,6246
P000302,顾家家居家居家装商品535,家居家装,顾家家居,142.54,7817
P000303,六福珠宝珠宝首饰商品979,珠宝首饰,六福珠宝,213.44,9802
P000304,COACH箱包配饰商品363,箱包配饰,COACH,197.13,116
P000305,潘多拉礼品鲜花商品220,礼品鲜花,潘多拉,524.56,6144
P000306,固特异汽车用品商品804,汽车用品,固特异,6532.15,6698
P000307,顾家家居家居家装商品258,家居家装,顾家家居,431.81,9590
P000308,伊利食品生鲜商品975,食品生鲜,伊利,540.74,9251
P000309,索菲亚家居家装商品796,家居家装,索菲亚,403.48,3337
P000310,强生母婴用品商品283,母婴用品,强生,376.51,9091
P000311,博库网图书音像商品414,图书音像,博库网,581.87,6522
P000312,善存医药保健商品975,医药保健,善存,865.19,1951
P000313,Swisse医药保健商品557,医药保健,Swisse,785.28,2650
P000314,耐克服装鞋包商品620,服装鞋包,耐克,831.09,5544
P000315,周大福珠宝首饰商品264,珠宝首饰,周大福,808.75,86
P000316,周生生珠宝首饰商品943,珠宝首饰,周生生,333.39,9834
P000317,飞鹤母婴用品商品165,母婴用品,飞鹤,270.46,6075
P000318,优衣库服装鞋包商品841,服装鞋包,优衣库,799.44,6564
P000319,施华洛世奇礼品鲜花商品633,礼品鲜花,施华洛世奇,293.6,9788
P000320,小米手机数码商品755,手机数码,小米,4207.76,175
P000321,松下家用电器商品299,家用电器,松下,752.07,9822
P000322,探路者运动户外商品729,运动户外,探路者,177.79,590
P000323,曲美家居家装商品770,家居家装,曲美,10.28,2579
P000324,阿迪达斯服装鞋包商品898,服装鞋包,阿迪达斯,828.9,6474
P000325,美赞臣母婴用品商品630,母婴用品,美赞臣,25.21,1124
P000326,外交官箱包配饰商品662,箱包配饰,外交官,291.65,9160
P000327,GUCCI箱包配饰商品455,箱包配饰,GUCCI,963.65,4530
P000328,西门子家用电器商品565,家用电器,西门子,7472.85,9419
P000329,vivo手机数码商品279,手机数码,vivo,3553.51,1744
P000330,李宁运动户外商品615,运动户外,李宁,301.31,1917
P000331,潘多拉珠宝首饰商品997,珠宝首饰,潘多拉,1098.91,9419
P000332,五粮液食品生鲜商品486,食品生鲜,五粮液,567.54,3985
P000333,施华洛世奇珠宝首饰商品894,珠宝首饰,施华洛世奇,944.75,7548
P000334,新秀丽箱包配饰商品593,箱包配饰,新秀丽,125.11,1106
P000335,美赞臣母婴用品商品793,母婴用品,美赞臣,704.16,5172
P000336,好奇母婴用品商品628,母婴用品,好奇,540.3,4314
P000337,松下家用电器商品195,家用电器,松下,3491.98,5603
P000338,H&M服装鞋包商品587,服装鞋包,H&M,662.05,3580
P000339,LV箱包配饰商品287,箱包配饰,LV,947.65,3115
P000340,人民邮电出版社图书音像商品304,图书音像,人民邮电出版社,242.51,3965
P000341,耐威克宠物用品商品311,宠物用品,耐威克,236.92,4091
P000342,网易严选宠物用品商品259,宠物用品,网易严选,781.15,1964
P000343,外交官箱包配饰商品792,箱包配饰,外交官,956.22,8071
P000344,Roseonly礼品鲜花商品882,礼品鲜花,Roseonly,858.52,692
P000345,小佩宠物用品商品480,宠物用品,小佩,624.46,8066
P000346,LV箱包配饰商品602,箱包配饰,LV,191.04,8374
P000347,福临门食品生鲜商品327,食品生鲜,福临门,752.67,2101
P000348,一加手机数码商品589,手机数码,一加,7547.41,533
P000349,哥伦比亚运动户外商品503,运动户外,哥伦比亚,861.8,2863
P000350,当当图书音像商品815,图书音像,当当,523.02,5171
P000351,汤臣倍健医药保健商品112,医药保健,汤臣倍健,677.36,6216
P000352,Roseonly礼品鲜花商品433,礼品鲜花,Roseonly,367.99,4254
P000353,自然堂美妆护肤商品342,美妆护肤,自然堂,575.35,5621
P000354,全友家居家居家装商品610,家居家装,全友家居,429.7,6866
P000355,云南白药医药保健商品473,医药保健,云南白药,855.78,4581
P000356,京东图书图书音像商品685,图书音像,京东图书,139.83,9435
P000357,固特异汽车用品商品933,汽车用品,固特异,1249.02,4422
P000358,六福珠宝珠宝首饰商品668,珠宝首饰,六福珠宝,892.83,6240
P000359,格力家用电器商品919,家用电器,格力,7693.61,2450
P000360,当当图书音像商品280,图书音像,当当,427.31,2203
P000361,GUCCI箱包配饰商品904,箱包配饰,GUCCI,491.75,4111
P000362,安踏运动户外商品507,运动户外,安踏,107.99,2676
P000363,OPPO手机数码商品933,手机数码,OPPO,2407.17,1577
P000364,人民邮电出版社图书音像商品442,图书音像,人民邮电出版社,267.17,5903
P000365,骆驼运动户外商品452,运动户外,骆驼,29.64,1986
P000366,曲美家居家装商品690,家居家装,曲美,580.14,8821
P000367,自然堂美妆护肤商品463,美妆护肤,自然堂,683.93,8363
P000368,人民邮电出版社图书音像商品557,图书音像,人民邮电出版社,890.74,6243
P000369,花点时间礼品鲜花商品574,礼品鲜花,花点时间,635.4,2373
P000370,比瑞吉宠物用品商品755,宠物用品,比瑞吉,809.64,5527
P000371,帮宝适母婴用品商品969,母婴用品,帮宝适,908.0,1296
P000372,完美日记美妆护肤商品333,美妆护肤,完美日记,661.29,4773
P000373,同仁堂医药保健商品719,医药保健,同仁堂,648.2,4444
P000374,MK箱包配饰商品899,箱包配饰,MK,864.18,5950
P000375,东阿阿胶医药保健商品523,医药保健,东阿阿胶,175.64,378
P000376,欧莱雅美妆护肤商品777,美妆护肤,欧莱雅,540.71,1311
P000377,格力家用电器商品506,家用电器,格力,1272.57,1045
P000378,MK箱包配饰商品661,箱包配饰,MK,63.29,6504
P000379,李宁运动户外商品206,运动户外,李宁,269.83,2544
P000380,七匹狼服装鞋包商品416,服装鞋包,七匹狼,497.24,4655
P000381,人民邮电出版社图书音像商品229,图书音像,人民邮电出版社,139.96,2795
P000382,苹果手机数码商品779,手机数码,苹果,3176.31,5328
P000383,小佩宠物用品商品578,宠物用品,小佩,975.23,8856
P000384,LV箱包配饰商品661,箱包配饰,LV,450.4,8835
P000385,薇诺娜美妆护肤商品746,美妆护肤,薇诺娜,1510.38,9240
P000386,花王母婴用品商品455,母婴用品,花王,486.84,3721
P000387,周生生珠宝首饰商品552,珠宝首饰,周生生,650.34,6753
P000388,良品铺子食品生鲜商品410,食品生鲜,良品铺子,20.45,8574
P000389,比瑞吉宠物用品商品452,宠物用品,比瑞吉,293.89,8767
P000390,荣耀手机数码商品873,手机数码,荣耀,4078.0,149
P000391,潮宏基珠宝首饰商品917,珠宝首饰,潮宏基,621.2,3788
P000392,周大福珠宝首饰商品661,珠宝首饰,周大福,778.61,6745
P000393,COACH箱包配饰商品504,箱包配饰,COACH,257.4,6385
P000394,pidan宠物用品商品325,宠物用品,pidan,270.35,6917
P000395,固特异汽车用品商品629,汽车用品,固特异,6234.04,4454
P000396,伊利食品生鲜商品522,食品生鲜,伊利,196.12,1121
P000397,SK-II美妆护肤商品396,美妆护肤,SK-II,265.19,7460
P000398,诺誓礼品鲜花商品378,礼品鲜花,诺誓,703.47,8060
P000399,戴森家用电器商品119,家用电器,戴森,1641.12,8764
P000400,小米手机数码商品204,手机数码,小米,2615.86,2048
P000401,东阿阿胶医药保健商品844,医药保健,东阿阿胶,18.12,1477
P000402,雅诗兰黛美妆护肤商品605,美妆护肤,雅诗兰黛,473.52,6885
P000403,五粮液食品生鲜商品480,食品生鲜,五粮液,469.05,519
P000404,顾家家居家居家装商品963,家居家装,顾家家居,753.06,2393
P000405,vivo手机数码商品894,手机数码,vivo,3443.16,8899
P000406,京东图书图书音像商品296,图书音像,京东图书,896.74,4097
P000407,pidan宠物用品商品948,宠物用品,pidan,22.49,4078
P000408,强生母婴用品商品353,母婴用品,强生,740.24,549
P000409,苏泊尔家用电器商品852,家用电器,苏泊尔,6282.47,8538
P000410,固特异汽车用品商品584,汽车用品,固特异,3418.42,5113
P000411,GUCCI箱包配饰商品262,箱包配饰,GUCCI,632.87,691
P000412,钙尔奇医药保健商品359,医药保健,钙尔奇,486.42,4895
P000413,戴森家用电器商品153,家用电器,戴森,6977.43,3568
P000414,耐克服装鞋包商品748,服装鞋包,耐克,896.62,246
P000415,自然堂美妆护肤商品698,美妆护肤,自然堂,283.32,3982
P000416,苹果手机数码商品695,手机数码,苹果,6376.06,7786
P000417,善存医药保健商品480,医药保健,善存,773.09,4075
P000418,薇诺娜美妆护肤商品193,美妆护肤,薇诺娜,1387.59,5544
P000419,新秀丽箱包配饰商品161,箱包配饰,新秀丽,361.96,2521
P000420,钙尔奇医药保健商品228,医药保健,钙尔奇,492.96,5189
P000421,哥伦比亚运动户外商品924,运动户外,哥伦比亚,892.88,3161
P000422,一加手机数码商品466,手机数码,一加,5932.99,4107
P000423,新秀丽箱包配饰商品596,箱包配饰,新秀丽,709.56,9159
P000424,五粮液食品生鲜商品294,食品生鲜,五粮液,571.03,8906
P000425,圣象家居家装商品849,家居家装,圣象,473.71,9808
P000426,Samsonite箱包配饰商品170,箱包配饰,Samsonite,535.83,7362
P000427,伊利食品生鲜商品654,食品生鲜,伊利,373.44,11
P000428,潮宏基珠宝首饰商品851,珠宝首饰,潮宏基,411.79,306
P000429,花点时间礼品鲜花商品894,礼品鲜花,花点时间,624.0,5254
P000430,钙尔奇医药保健商品774,医药保健,钙尔奇,967.49,6348
P000431,苏泊尔家用电器商品884,家用电器,苏泊尔,4636.01,4638
P000432,马可波罗家居家装商品756,家居家装,马可波罗,328.8,1577
P000433,李宁运动户外商品144,运动户外,李宁,836.84,2126
P000434,雅诗兰黛美妆护肤商品306,美妆护肤,雅诗兰黛,258.76,3139
P000435,优衣库服装鞋包商品684,服装鞋包,优衣库,1301.42,6366
P000436,海康威视汽车用品商品638,汽车用品,海康威视,5179.78,9671
P000437,三只松鼠食品生鲜商品475,食品生鲜,三只松鼠,228.52,1161
P000438,OPPO手机数码商品771,手机数码,OPPO,4185.54,1310
P000439,人民邮电出版社图书音像商品162,图书音像,人民邮电出版社,367.32,6814
P000440,网易严选宠物用品商品913,宠物用品,网易严选,711.35,4355
P000441,安踏运动户外商品851,运动户外,安踏,79.68,4979
P000442,耐克服装鞋包商品631,服装鞋包,耐克,239.38,3784
P000443,始祖鸟运动户外商品294,运动户外,始祖鸟,201.19,4075
P000444,施华洛世奇礼品鲜花商品283,礼品鲜花,施华洛世奇,562.84,9144
P000445,飞鹤母婴用品商品884,母婴用品,飞鹤,642.24,5864
P000446,海康威视汽车用品商品819,汽车用品,海康威视,5489.32,1705
P000447,SK-II美妆护肤商品663,美妆护肤,SK-II,833.04,5529
P000448,米其林汽车用品商品646,汽车用品,米其林,7988.25,7258
P000449,GUCCI箱包配饰商品422,箱包配饰,GUCCI,554.58,5319
P000450,网易严选宠物用品商品522,宠物用品,网易严选,766.54,7054
P000451,网易严选宠物用品商品723,宠物用品,网易严选,248.32,8939
P000452,小米家用电器商品884,家用电器,小米,4626.79,4162
P000453,东鹏家居家装商品558,家居家装,东鹏,960.23,3
P000454,汤臣倍健医药保健商品391,医药保健,汤臣倍健,599.81,8480
P000455,自然堂美妆护肤商品106,美妆护肤,自然堂,635.65,3635
P000456,戴森家用电器商品122,家用电器,戴森,6286.42,4521
P000457,Samsonite箱包配饰商品196,箱包配饰,Samsonite,47.36,5827
P000458,SK-II美妆护肤商品371,美妆护肤,SK-II,765.81,9538
P000459,西门子家用电器商品362,家用电器,西门子,6583.06,1505
P000460,诺誓礼品鲜花商品682,礼品鲜花,诺誓,918.7,1264
P000461,云南白药医药保健商品911,医药保健,云南白药,487.71,7999
P000462,冠能宠物用品商品709,宠物用品,冠能,645.83,612
P000463,九芝堂医药保健商品180,医药保健,九芝堂,782.32,5478
P000464,马可波罗家居家装商品526,家居家装,马可波罗,930.94,1974
P000465,麦富迪宠物用品商品865,宠物用品,麦富迪,656.25,9868
P000466,新秀丽箱包配饰商品749,箱包配饰,新秀丽,779.64,6266
P000467,vivo手机数码商品636,手机数码,vivo,808.87,8846
P000468,野兽派礼品鲜花商品434,礼品鲜花,野兽派,507.38,3617
P000469,雅诗兰黛美妆护肤商品789,美妆护肤,雅诗兰黛,1476.58,6436
P000470,中信出版社图书音像商品689,图书音像,中信出版社,509.68,3638
P000471,花王母婴用品商品905,母婴用品,花王,400.38,2165
P000472,顾家家居家居家装商品587,家居家装,顾家家居,575.73,807
P000473,始祖鸟运动户外商品368,运动户外,始祖鸟,94.23,8221
P000474,爱他美母婴用品商品880,母婴用品,爱他美,143.52,9163
P000475,苏泊尔家用电器商品504,家用电器,苏泊尔,5391.86,3212
P000476,探路者运动户外商品348,运动户外,探路者,80.93,7046
P000477,顾家家居家居家装商品215,家居家装,顾家家居,675.03,6939
P000478,圣象家居家装商品295,家居家装,圣象,327.53,9730
P000479,3M汽车用品商品888,汽车用品,3M,2786.14,5729
P000480,诺誓礼品鲜花商品738,礼品鲜花,诺誓,154.36,735
P000481,瑞士军威箱包配饰商品304,箱包配饰,瑞士军威,688.51,2555
P000482,周生生珠宝首饰商品215,珠宝首饰,周生生,1492.18,3982
P000483,野兽派礼品鲜花商品989,礼品鲜花,野兽派,834.12,4713
P000484,三星手机数码商品810,手机数码,三星,6532.11,4999
P000485,新华书店图书音像商品123,图书音像,新华书店,338.56,8814
P000486,西门子家用电器商品659,家用电器,西门子,4424.49,4237
P000487,迪卡侬运动户外商品737,运动户外,迪卡侬,732.62,2315
P000488,汤臣倍健医药保健商品485,医药保健,汤臣倍健,587.17,8631
P000489,vivo手机数码商品274,手机数码,vivo,950.83,3288
P000490,潘多拉珠宝首饰商品154,珠宝首饰,潘多拉,956.67,136
P000491,七匹狼服装鞋包商品776,服装鞋包,七匹狼,579.06,5901
P000492,冠能宠物用品商品119,宠物用品,冠能,299.57,6332
P000493,小米家用电器商品620,家用电器,小米,7824.59,1631
P000494,GUCCI箱包配饰商品596,箱包配饰,GUCCI,868.11,8709
P000495,H&M服装鞋包商品303,服装鞋包,H&M,1026.27,7503
P000496,安踏运动户外商品140,运动户外,安踏,254.92,8673
P000497,金龙鱼食品生鲜商品601,食品生鲜,金龙鱼,399.47,2572
P000498,三星手机数码商品800,手机数码,三星,3139.35,4953
P000499,松下家用电器商品931,家用电器,松下,965.07,4221
P000500,COACH箱包配饰商品934,箱包配饰,COACH,990.46,9092
P000501,蒙牛食品生鲜商品255,食品生鲜,蒙牛,348.37,6436
P000502,米其林汽车用品商品189,汽车用品,米其林,5974.17,8531
P000503,固特异汽车用品商品527,汽车用品,固特异,2302.71,2502
P000504,花王母婴用品商品719,母婴用品,花王,335.99,8883
P000505,欧莱雅美妆护肤商品768,美妆护肤,欧莱雅,320.22,8869
P000506,固特异汽车用品商品983,汽车用品,固特异,1535.82,8582
P000507,Samsonite箱包配饰商品540,箱包配饰,Samsonite,995.73,2378
P000508,米其林汽车用品商品425,汽车用品,米其林,1008.61,8732
P000509,钙尔奇医药保健商品288,医药保健,钙尔奇,324.42,2384
P000510,汤臣倍健医药保健商品883,医药保健,汤臣倍健,325.5,6783
P000511,花王母婴用品商品553,母婴用品,花王,748.15,4485
P000512,欧莱雅美妆护肤商品209,美妆护肤,欧莱雅,306.51,429
P000513,潘多拉珠宝首饰商品720,珠宝首饰,潘多拉,1155.73,3783
P000514,野兽派礼品鲜花商品336,礼品鲜花,野兽派,690.5,5886
P000515,波司登服装鞋包商品237,服装鞋包,波司登,1029.53,9907
P000516,人民邮电出版社图书音像商品765,图书音像,人民邮电出版社,380.22,6348
P000517,新华书店图书音像商品240,图书音像,新华书店,172.15,3707
P000518,一加手机数码商品882,手机数码,一加,7766.11,4421
P000519,美赞臣母婴用品商品860,母婴用品,美赞臣,674.63,3323
P000520,六福珠宝珠宝首饰商品167,珠宝首饰,六福珠宝,395.3,7197
P000521,小佩宠物用品商品804,宠物用品,小佩,331.65,7496
P000522,瑞士军威箱包配饰商品537,箱包配饰,瑞士军威,410.82,685
P000523,施华洛世奇礼品鲜花商品944,礼品鲜花,施华洛世奇,386.57,5126
P000524,贝因美母婴用品商品633,母婴用品,贝因美,118.22,7485
P000525,皇家宠物用品商品998,宠物用品,皇家,995.88,8498
P000526,始祖鸟运动户外商品852,运动户外,始祖鸟,48.86,6347
P000527,安踏运动户外商品294,运动户外,安踏,298.27,6521
P000528,LV箱包配饰商品892,箱包配饰,LV,829.34,7558
P000529,珀莱雅美妆护肤商品401,美妆护肤,珀莱雅,1245.61,893
P000530,善存医药保健商品574,医药保健,善存,831.59,7400
P000531,ZARA服装鞋包商品284,服装鞋包,ZARA,1568.53,8952
P000532,珀莱雅美妆护肤商品523,美妆护肤,珀莱雅,680.75,408
P000533,薇诺娜美妆护肤商品704,美妆护肤,薇诺娜,1798.4,3308
P000534,MK箱包配饰商品192,箱包配饰,MK,257.58,2686
P000535,钙尔奇医药保健商品193,医药保健,钙尔奇,123.02,7362
P000536,卡仕达汽车用品商品187,汽车用品,卡仕达,4428.63,6292
P000537,善存医药保健商品487,医药保健,善存,554.84,719
P000538,老凤祥珠宝首饰商品443,珠宝首饰,老凤祥,1152.71,2459
P000539,SK-II美妆护肤商品283,美妆护肤,SK-II,1549.86,840
P000540,花王母婴用品商品416,母婴用品,花王,732.86,7311
P000541,良品铺子食品生鲜商品220,食品生鲜,良品铺子,899.56,3323
P000542,vivo手机数码商品112,手机数码,vivo,3939.82,8169
P000543,安踏运动户外商品722,运动户外,安踏,883.88,3897
P000544,苏泊尔家用电器商品564,家用电器,苏泊尔,3576.14,1300
P000545,潘多拉礼品鲜花商品106,礼品鲜花,潘多拉,252.27,8967
P000546,蒙牛食品生鲜商品150,食品生鲜,蒙牛,192.99,902
P000547,卡仕达汽车用品商品137,汽车用品,卡仕达,1590.31,531
P000548,博世汽车用品商品439,汽车用品,博世,7402.89,803
P000549,七匹狼服装鞋包商品282,服装鞋包,七匹狼,364.6,4659
P000550,施华洛世奇礼品鲜花商品808,礼品鲜花,施华洛世奇,702.85,9376
P000551,老凤祥珠宝首饰商品566,珠宝首饰,老凤祥,1511.2,5901
P000552,新秀丽箱包配饰商品195,箱包配饰,新秀丽,770.83,5289
P000553,马可波罗家居家装商品939,家居家装,马可波罗,76.99,7001
P000554,冠能宠物用品商品399,宠物用品,冠能,476.11,1999
P000555,同仁堂医药保健商品437,医药保健,同仁堂,531.78,8595
P000556,西门子家用电器商品726,家用电器,西门子,936.38,9361
P000557,钙尔奇医药保健商品595,医药保健,钙尔奇,726.83,9908
P000558,LV箱包配饰商品537,箱包配饰,LV,612.76,5185
P000559,金龙鱼食品生鲜商品232,食品生鲜,金龙鱼,618.15,8132
P000560,迪卡侬运动户外商品604,运动户外,迪卡侬,809.9,9984
P000561,松下家用电器商品298,家用电器,松下,511.86,392
P000562,人民邮电出版社图书音像商品915,图书音像,人民邮电出版社,126.75,3396
P000563,潮宏基珠宝首饰商品523,珠宝首饰,潮宏基,138.71,5728
P000564,探路者运动户外商品111,运动户外,探路者,644.21,4614
P000565,百草味食品生鲜商品415,食品生鲜,百草味,307.28,9011
P000566,宜家家居家装商品216,家居家装,宜家,688.98,5592
P000567,贝因美母婴用品商品952,母婴用品,贝因美,183.87,5415
P000568,网易严选宠物用品商品788,宠物用品,网易严选,484.32,7774
P000569,周大福珠宝首饰商品761,珠宝首饰,周大福,314.72,2545
P000570,海康威视汽车用品商品985,汽车用品,海康威视,4527.26,5490
P000571,新华书店图书音像商品860,图书音像,新华书店,65.46,8537
P000572,金龙鱼食品生鲜商品668,食品生鲜,金龙鱼,540.53,3412
P000573,施华洛世奇礼品鲜花商品439,礼品鲜花,施华洛世奇,801.54,5793
P000574,H&M服装鞋包商品387,服装鞋包,H&M,1689.44,5556
P000575,爱他美母婴用品商品684,母婴用品,爱他美,609.63,3070
P000576,Roseonly礼品鲜花商品985,礼品鲜花,Roseonly,784.52,5050
P000577,云南白药医药保健商品826,医药保健,云南白药,41.31,6780
P000578,波司登服装鞋包商品998,服装鞋包,波司登,513.4,7404
P000579,耐威克宠物用品商品321,宠物用品,耐威克,529.85,2867
P000580,海澜之家服装鞋包商品903,服装鞋包,海澜之家,122.92,3311
P000581,外交官箱包配饰商品554,箱包配饰,外交官,510.93,7907
P000582,Samsonite箱包配饰商品294,箱包配饰,Samsonite,346.71,7921
P000583,同仁堂医药保健商品894,医药保健,同仁堂,334.06,1609
P000584,比瑞吉宠物用品商品310,宠物用品,比瑞吉,727.32,7526
P000585,飞鹤母婴用品商品104,母婴用品,飞鹤,317.87,721
P000586,壳牌汽车用品商品441,汽车用品,壳牌,4001.57,755
P000587,阿迪达斯服装鞋包商品123,服装鞋包,阿迪达斯,1176.24,5114
P000588,固特异汽车用品商品428,汽车用品,固特异,2004.17,4695
P000589,金龙鱼食品生鲜商品891,食品生鲜,金龙鱼,446.7,1927
P000590,良品铺子食品生鲜商品261,食品生鲜,良品铺子,280.9,249
P000591,潘多拉礼品鲜花商品626,礼品鲜花,潘多拉,111.35,8888
P000592,圣象家居家装商品377,家居家装,圣象,150.14,4641
P000593,野兽派礼品鲜花商品275,礼品鲜花,野兽派,80.53,5549
P000594,迪卡侬运动户外商品151,运动户外,迪卡侬,138.77,7712
P000595,新秀丽箱包配饰商品208,箱包配饰,新秀丽,389.76,1410
P000596,帮宝适母婴用品商品283,母婴用品,帮宝适,707.63,9711
P000597,海康威视汽车用品商品731,汽车用品,海康威视,3167.18,5444
P000598,麦富迪宠物用品商品830,宠物用品,麦富迪,760.82,8740
P000599,波司登服装鞋包商品681,服装鞋包,波司登,307.0,7672
P000600,波司登服装鞋包商品417,服装鞋包,波司登,1384.73,7625
P000601,京东图书图书音像商品329,图书音像,京东图书,152.28,4227
P000602,GUCCI箱包配饰商品501,箱包配饰,GUCCI,191.52,5412
P000603,施华洛世奇珠宝首饰商品564,珠宝首饰,施华洛世奇,1000.64,1070
P000604,当当图书音像商品459,图书音像,当当,483.87,2798
P000605,金龙鱼食品生鲜商品718,食品生鲜,金龙鱼,578.93,8322
P000606,七匹狼服装鞋包商品937,服装鞋包,七匹狼,1442.83,1752
P000607,顾家家居家居家装商品911,家居家装,顾家家居,309.1,7552
P000608,帮宝适母婴用品商品344,母婴用品,帮宝适,624.67,8977
P000609,薇诺娜美妆护肤商品493,美妆护肤,薇诺娜,178.82,3411
P000610,pidan宠物用品商品903,宠物用品,pidan,980.4,9293
P000611,施华洛世奇珠宝首饰商品657,珠宝首饰,施华洛世奇,1403.56,2835
P000612,壳牌汽车用品商品857,汽车用品,壳牌,7481.47,9407
P000613,小佩宠物用品商品217,宠物用品,小佩,596.24,7584
P000614,顾家家居家居家装商品941,家居家装,顾家家居,450.76,5046
P000615,飞鹤母婴用品商品712,母婴用品,飞鹤,117.66,9771
P000616,潮宏基珠宝首饰商品435,珠宝首饰,潮宏基,1013.88,1007
P000617,耐克服装鞋包商品936,服装鞋包,耐克,320.89,9515
P000618,新秀丽箱包配饰商品875,箱包配饰,新秀丽,155.26,2444
P000619,中信出版社图书音像商品398,图书音像,中信出版社,396.08,9468
P000620,京东图书图书音像商品310,图书音像,京东图书,684.7,5187
P000621,伊利食品生鲜商品545,食品生鲜,伊利,720.61,5640
P000622,优衣库服装鞋包商品726,服装鞋包,优衣库,1973.52,6622
P000623,比瑞吉宠物用品商品972,宠物用品,比瑞吉,301.24,6049
P000624,新秀丽箱包配饰商品100,箱包配饰,新秀丽,706.32,5885
P000625,阿迪达斯服装鞋包商品986,服装鞋包,阿迪达斯,110.81,7073
P000626,九芝堂医药保健商品740,医药保健,九芝堂,324.95,6271
P000627,帮宝适母婴用品商品545,母婴用品,帮宝适,549.67,2841
P000628,京东图书图书音像商品292,图书音像,京东图书,559.87,5902
P000629,pidan宠物用品商品257,宠物用品,pidan,295.59,2056
P000630,雅诗兰黛美妆护肤商品173,美妆护肤,雅诗兰黛,1314.36,2359
P000631,东阿阿胶医药保健商品773,医药保健,东阿阿胶,442.37,2224
P000632,H&M服装鞋包商品757,服装鞋包,H&M,1621.59,7471
P000633,COACH箱包配饰商品738,箱包配饰,COACH,188.0,8346
P000634,强生母婴用品商品493,母婴用品,强生,361.75,3044
P000635,贝因美母婴用品商品691,母婴用品,贝因美,503.18,3878
P000636,同仁堂医药保健商品520,医药保健,同仁堂,927.3,9442
P000637,宜家家居家装商品138,家居家装,宜家,572.47,6038
P000638,波司登服装鞋包商品807,服装鞋包,波司登,206.12,8624
P000639,耐威克宠物用品商品576,宠物用品,耐威克,521.78,8574
P000640,外交官箱包配饰商品351,箱包配饰,外交官,477.73,1279
P000641,博世汽车用品商品727,汽车用品,博世,895.81,5628
P000642,安踏运动户外商品580,运动户外,安踏,459.49,7687
P000643,施华洛世奇礼品鲜花商品439,礼品鲜花,施华洛世奇,426.81,4827
P000644,良品铺子食品生鲜商品136,食品生鲜,良品铺子,698.1,9791
P000645,同仁堂医药保健商品844,医药保健,同仁堂,787.17,4267
P000646,荣耀手机数码商品692,手机数码,荣耀,1768.09,845
P000647,博世汽车用品商品928,汽车用品,博世,6030.35,447
P000648,五粮液食品生鲜商品184,食品生鲜,五粮液,135.55,1259
P000649,耐威克宠物用品商品358,宠物用品,耐威克,141.21,4603
P000650,伊利食品生鲜商品114,食品生鲜,伊利,744.01,9893
P000651,SK-II美妆护肤商品774,美妆护肤,SK-II,920.97,2873
P000652,蒙牛食品生鲜商品596,食品生鲜,蒙牛,189.0,8640
P000653,皇家宠物用品商品451,宠物用品,皇家,984.23,2376
P000654,野兽派礼品鲜花商品957,礼品鲜花,野兽派,500.99,6765
P000655,潮宏基珠宝首饰商品343,珠宝首饰,潮宏基,1338.3,2740
P000656,戴森家用电器商品155,家用电器,戴森,5316.96,1900
P000657,小米手机数码商品575,手机数码,小米,3490.59,4937
P000658,人民邮电出版社图书音像商品870,图书音像,人民邮电出版社,923.23,3828
P000659,帮宝适母婴用品商品585,母婴用品,帮宝适,270.0,8690
P000660,pidan宠物用品商品112,宠物用品,pidan,295.9,7353
P000661,好奇母婴用品商品642,母婴用品,好奇,686.05,672
P000662,海澜之家服装鞋包商品964,服装鞋包,海澜之家,891.98,4466
P000663,索菲亚家居家装商品373,家居家装,索菲亚,804.29,4183
P000664,凌度汽车用品商品572,汽车用品,凌度,6298.63,3961
P000665,Swisse医药保健商品632,医药保健,Swisse,344.03,2947
P000666,宜家家居家装商品788,家居家装,宜家,18.39,1113
P000667,一加手机数码商品200,手机数码,一加,4439.48,7306
P000668,曲美家居家装商品842,家居家装,曲美,290.46,3163
P000669,苹果手机数码商品734,手机数码,苹果,1189.56,9734
P000670,固特异汽车用品商品713,汽车用品,固特异,5285.62,1965
P000671,H&M服装鞋包商品484,服装鞋包,H&M,1329.97,9274
P000672,老凤祥珠宝首饰商品213,珠宝首饰,老凤祥,1406.52,4150
P000673,五粮液食品生鲜商品776,食品生鲜,五粮液,936.82,7429
P000674,LV箱包配饰商品887,箱包配饰,LV,432.71,5298
P000675,良品铺子食品生鲜商品899,食品生鲜,良品铺子,83.26,1022
P000676,帮宝适母婴用品商品440,母婴用品,帮宝适,996.0,4230
P000677,耐威克宠物用品商品282,宠物用品,耐威克,446.17,8056
P000678,瑞士军威箱包配饰商品724,箱包配饰,瑞士军威,398.71,8061
P000679,H&M服装鞋包商品653,服装鞋包,H&M,1548.98,3578
P000680,施华洛世奇礼品鲜花商品208,礼品鲜花,施华洛世奇,913.48,4243
P000681,优衣库服装鞋包商品174,服装鞋包,优衣库,187.3,4105
P000682,明牌珠宝首饰商品119,珠宝首饰,明牌,1798.2,2438
P000683,3M汽车用品商品138,汽车用品,3M,5484.54,4365
P000684,完美日记美妆护肤商品500,美妆护肤,完美日记,1170.55,8444
P000685,东阿阿胶医药保健商品589,医药保健,东阿阿胶,441.7,1148
P000686,探路者运动户外商品103,运动户外,探路者,390.58,7898
P000687,海澜之家服装鞋包商品441,服装鞋包,海澜之家,1379.58,6563
P000688,华为手机数码商品474,手机数码,华为,4509.7,5571
P000689,波司登服装鞋包商品878,服装鞋包,波司登,1544.69,3327
P000690,雅诗兰黛美妆护肤商品493,美妆护肤,雅诗兰黛,1338.43,4896
P000691,九芝堂医药保健商品209,医药保健,九芝堂,634.31,5886
P000692,当当图书音像商品747,图书音像,当当,443.6,3104
P000693,雅诗兰黛美妆护肤商品297,美妆护肤,雅诗兰黛,99.46,9714
P000694,苏泊尔家用电器商品498,家用电器,苏泊尔,972.44,8856
P000695,博世汽车用品商品611,汽车用品,博世,4504.55,7361
P000696,苹果手机数码商品447,手机数码,苹果,920.41,701
P000697,飞鹤母婴用品商品316,母婴用品,飞鹤,809.03,8570
P000698,人民邮电出版社图书音像商品991,图书音像,人民邮电出版社,875.51,2440
P000699,Swisse医药保健商品173,医药保健,Swisse,46.51,2319
P000700,人民邮电出版社图书音像商品119,图书音像,人民邮电出版社,476.51,750
P000701,格力家用电器商品114,家用电器,格力,1791.87,818
P000702,LV箱包配饰商品940,箱包配饰,LV,795.76,7474
P000703,野兽派礼品鲜花商品955,礼品鲜花,野兽派,595.13,1742
P000704,波司登服装鞋包商品709,服装鞋包,波司登,1608.39,3613
P000705,耐克服装鞋包商品536,服装鞋包,耐克,707.82,6586
P000706,顾家家居家居家装商品800,家居家装,顾家家居,580.21,2250
P000707,曲美家居家装商品882,家居家装,曲美,55.13,2841
P000708,顾家家居家居家装商品223,家居家装,顾家家居,281.15,6801
P000709,完美日记美妆护肤商品666,美妆护肤,完美日记,371.76,3991
P000710,新秀丽箱包配饰商品236,箱包配饰,新秀丽,108.97,6162
P000711,老凤祥珠宝首饰商品116,珠宝首饰,老凤祥,1765.27,1322
P000712,苹果手机数码商品283,手机数码,苹果,7446.03,9727
P000713,LV箱包配饰商品526,箱包配饰,LV,696.57,7798
P000714,善存医药保健商品311,医药保健,善存,151.66,4439
P000715,迪卡侬运动户外商品521,运动户外,迪卡侬,246.86,2859
P000716,施华洛世奇礼品鲜花商品138,礼品鲜花,施华洛世奇,600.31,8190
P000717,Roseonly礼品鲜花商品742,礼品鲜花,Roseonly,828.22,4934
P000718,马可波罗家居家装商品104,家居家装,马可波罗,562.13,3144
P000719,ZARA服装鞋包商品733,服装鞋包,ZARA,755.71,8842
P000720,探路者运动户外商品575,运动户外,探路者,772.63,3409
P000721,三只松鼠食品生鲜商品298,食品生鲜,三只松鼠,121.55,2444
P000722,海康威视汽车用品商品609,汽车用品,海康威视,1822.43,706
P000723,三星手机数码商品391,手机数码,三星,2071.92,4118
P000724,东鹏家居家装商品144,家居家装,东鹏,113.38,859
P000725,Samsonite箱包配饰商品261,箱包配饰,Samsonite,787.64,7947
P000726,李宁运动户外商品172,运动户外,李宁,896.13,7287
P000727,潘多拉礼品鲜花商品433,礼品鲜花,潘多拉,424.88,5336
P000728,海尔家用电器商品433,家用电器,海尔,2208.37,3884
P000729,九芝堂医药保健商品990,医药保健,九芝堂,207.96,3615
P000730,波司登服装鞋包商品699,服装鞋包,波司登,994.6,7141
P000731,欧莱雅美妆护肤商品724,美妆护肤,欧莱雅,937.23,6346
P000732,全友家居家居家装商品568,家居家装,全友家居,722.62,5875
P000733,蒙牛食品生鲜商品443,食品生鲜,蒙牛,135.94,9317
P000734,vivo手机数码商品239,手机数码,vivo,1333.32,7627
P000735,新华书店图书音像商品275,图书音像,新华书店,762.74,3602
P000736,LV箱包配饰商品718,箱包配饰,LV,165.22,2784
P000737,潘多拉礼品鲜花商品975,礼品鲜花,潘多拉,237.41,6745
P000738,小佩宠物用品商品982,宠物用品,小佩,995.71,9692
P000739,新华书店图书音像商品385,图书音像,新华书店,24.36,7014
P000740,Swisse医药保健商品353,医药保健,Swisse,334.02,9493
P000741,格力家用电器商品687,家用电器,格力,7236.89,6844
P000742,苹果手机数码商品581,手机数码,苹果,6001.07,8261
P000743,一加手机数码商品643,手机数码,一加,3457.4,1605
P000744,新华书店图书音像商品346,图书音像,新华书店,92.26,203
P000745,九芝堂医药保健商品323,医药保健,九芝堂,141.38,4846
P000746,海尔家用电器商品116,家用电器,海尔,4098.37,4994
P000747,薇诺娜美妆护肤商品978,美妆护肤,薇诺娜,1162.24,9562
P000748,荣耀手机数码商品574,手机数码,荣耀,6288.76,6641
P000749,完美日记美妆护肤商品741,美妆护肤,完美日记,955.38,22
P000750,冠能宠物用品商品494,宠物用品,冠能,894.5,5454
P000751,安踏运动户外商品403,运动户外,安踏,431.64,4420
P000752,Swisse医药保健商品906,医药保健,Swisse,687.82,5500
P000753,汤臣倍健医药保健商品627,医药保健,汤臣倍健,945.87,5963
P000754,新秀丽箱包配饰商品213,箱包配饰,新秀丽,389.13,7624
P000755,Roseonly礼品鲜花商品474,礼品鲜花,Roseonly,372.77,9155
P000756,钙尔奇医药保健商品674,医药保健,钙尔奇,712.24,3354
P000757,完美日记美妆护肤商品344,美妆护肤,完美日记,1102.29,7839
P000758,Swisse医药保健商品871,医药保健,Swisse,747.57,3693
P000759,圣象家居家装商品373,家居家装,圣象,508.53,6929
P000760,三只松鼠食品生鲜商品164,食品生鲜,三只松鼠,379.09,7412
P000761,中信出版社图书音像商品639,图书音像,中信出版社,831.26,7703
P000762,同仁堂医药保健商品562,医药保健,同仁堂,624.74,1075
P000763,苏泊尔家用电器商品189,家用电器,苏泊尔,1101.28,2929
P000764,百草味食品生鲜商品211,食品生鲜,百草味,173.12,1835
P000765,善存医药保健商品608,医药保健,善存,158.99,3346
P000766,安踏运动户外商品400,运动户外,安踏,422.37,8870
P000767,Samsonite箱包配饰商品585,箱包配饰,Samsonite,353.23,7272
P000768,汤臣倍健医药保健商品398,医药保健,汤臣倍健,197.17,361
P000769,麦富迪宠物用品商品954,宠物用品,麦富迪,947.97,5503
P000770,好奇母婴用品商品771,母婴用品,好奇,649.59,5346
P000771,中信出版社图书音像商品781,图书音像,中信出版社,699.89,8986
P000772,新华书店图书音像商品411,图书音像,新华书店,571.58,5021
P000773,自然堂美妆护肤商品332,美妆护肤,自然堂,994.27,4720
P000774,周大福珠宝首饰商品251,珠宝首饰,周大福,738.59,7469
P000775,SK-II美妆护肤商品828,美妆护肤,SK-II,1093.87,2986
P000776,SK-II美妆护肤商品265,美妆护肤,SK-II,513.92,674
P000777,全友家居家居家装商品551,家居家装,全友家居,267.8,3022
P000778,美的家用电器商品781,家用电器,美的,2877.08,5633
P000779,完美日记美妆护肤商品559,美妆护肤,完美日记,1102.74,2663
P000780,骆驼运动户外商品224,运动户外,骆驼,921.23,6628
P000781,MK箱包配饰商品886,箱包配饰,MK,153.93,7504
P000782,GUCCI箱包配饰商品259,箱包配饰,GUCCI,14.25,8948
P000783,哥伦比亚运动户外商品762,运动户外,哥伦比亚,708.4,7764
P000784,LV箱包配饰商品872,箱包配饰,LV,980.88,9399
P000785,米其林汽车用品商品918,汽车用品,米其林,4739.24,7243
P000786,顾家家居家居家装商品849,家居家装,顾家家居,484.19,656
P000787,兰蔻美妆护肤商品415,美妆护肤,兰蔻,98.35,3610
P000788,博库网图书音像商品194,图书音像,博库网,333.1,9963
P000789,固特异汽车用品商品697,汽车用品,固特异,4448.25,4553
P000790,美的家用电器商品185,家用电器,美的,4538.09,7298
P000791,壳牌汽车用品商品624,汽车用品,壳牌,3458.18,8035
P000792,宜家家居家装商品782,家居家装,宜家,367.45,2423
P000793,九芝堂医药保健商品478,医药保健,九芝堂,392.25,199
P000794,金龙鱼食品生鲜商品459,食品生鲜,金龙鱼,315.0,7300
P000795,冠能宠物用品商品320,宠物用品,冠能,730.57,7278
P000796,九芝堂医药保健商品922,医药保健,九芝堂,448.08,2683
P000797,潮宏基珠宝首饰商品846,珠宝首饰,潮宏基,1798.04,2286
P000798,冠能宠物用品商品247,宠物用品,冠能,215.71,7776
P000799,网易严选宠物用品商品167,宠物用品,网易严选,933.82,9677
P000800,潮宏基珠宝首饰商品190,珠宝首饰,潮宏基,62.91,4478
P000801,爱他美母婴用品商品669,母婴用品,爱他美,467.5,9304
P000802,老凤祥珠宝首饰商品304,珠宝首饰,老凤祥,412.71,6254
P000803,五粮液食品生鲜商品143,食品生鲜,五粮液,824.57,4947
P000804,耐威克宠物用品商品605,宠物用品,耐威克,563.69,7593
P000805,美的家用电器商品910,家用电器,美的,518.35,4303
P000806,五粮液食品生鲜商品227,食品生鲜,五粮液,657.27,4713
P000807,爱他美母婴用品商品603,母婴用品,爱他美,907.73,4009
P000808,华为手机数码商品883,手机数码,华为,2579.13,1093
P000809,施华洛世奇礼品鲜花商品470,礼品鲜花,施华洛世奇,585.26,9266
P000810,花王母婴用品商品743,母婴用品,花王,689.05,1959
P000811,宜家家居家装商品965,家居家装,宜家,266.94,9529
P000812,小米手机数码商品427,手机数码,小米,3957.83,2219
P000813,全友家居家居家装商品154,家居家装,全友家居,279.94,6873
P000814,卡仕达汽车用品商品149,汽车用品,卡仕达,2673.92,8677
P000815,壳牌汽车用品商品626,汽车用品,壳牌,1953.61,3002
P000816,周生生珠宝首饰商品713,珠宝首饰,周生生,1517.63,8908
P000817,圣象家居家装商品946,家居家装,圣象,846.54,4932
P000818,金龙鱼食品生鲜商品198,食品生鲜,金龙鱼,539.08,5761
P000819,比瑞吉宠物用品商品113,宠物用品,比瑞吉,145.58,4610
P000820,东鹏家居家装商品521,家居家装,东鹏,346.91,2671
P000821,耐克服装鞋包商品258,服装鞋包,耐克,1031.6,3087
P000822,周生生珠宝首饰商品527,珠宝首饰,周生生,947.96,1251
P000823,H&M服装鞋包商品117,服装鞋包,H&M,985.06,5104
P000824,云南白药医药保健商品242,医药保健,云南白药,818.87,9791
P000825,哥伦比亚运动户外商品276,运动户外,哥伦比亚,712.8,471
P000826,钙尔奇医药保健商品327,医药保健,钙尔奇,137.43,2332
P000827,Swisse医药保健商品414,医药保健,Swisse,134.09,2133
P000828,七匹狼服装鞋包商品807,服装鞋包,七匹狼,1537.9,1830
P000829,优衣库服装鞋包商品893,服装鞋包,优衣库,994.3,7065
P000830,OPPO手机数码商品210,手机数码,OPPO,745.95,8412
P000831,Roseonly礼品鲜花商品580,礼品鲜花,Roseonly,127.73,4145
P000832,华为手机数码商品408,手机数码,华为,5506.9,1581
P000833,周生生珠宝首饰商品716,珠宝首饰,周生生,450.53,3277
P000834,完美日记美妆护肤商品129,美妆护肤,完美日记,227.02,4544
P000835,花点时间礼品鲜花商品460,礼品鲜花,花点时间,168.95,8202
P000836,六福珠宝珠宝首饰商品617,珠宝首饰,六福珠宝,1161.96,1623
P000837,皇家宠物用品商品641,宠物用品,皇家,224.83,3138
P000838,良品铺子食品生鲜商品872,食品生鲜,良品铺子,541.76,1616
P000839,瑞士军威箱包配饰商品616,箱包配饰,瑞士军威,852.78,7777
P000840,全友家居家居家装商品550,家居家装,全友家居,676.79,1758
P000841,完美日记美妆护肤商品488,美妆护肤,完美日记,876.98,8425
P000842,小米家用电器商品215,家用电器,小米,6210.57,5149
P000843,波司登服装鞋包商品212,服装鞋包,波司登,1063.47,8123
P000844,施华洛世奇珠宝首饰商品821,珠宝首饰,施华洛世奇,612.13,665
P000845,海澜之家服装鞋包商品605,服装鞋包,海澜之家,275.66,4646
P000846,中信出版社图书音像商品853,图书音像,中信出版社,318.89,7273
P000847,小米家用电器商品397,家用电器,小米,7887.22,7011
P000848,海尔家用电器商品961,家用电器,海尔,6518.27,6020
P000849,雅诗兰黛美妆护肤商品790,美妆护肤,雅诗兰黛,1008.71,1723
P000850,强生母婴用品商品635,母婴用品,强生,661.96,1392
P000851,H&M服装鞋包商品504,服装鞋包,H&M,831.22,9675
P000852,H&M服装鞋包商品166,服装鞋包,H&M,759.23,3261
P000853,曲美家居家装商品709,家居家装,曲美,845.59,6623
P000854,耐克服装鞋包商品958,服装鞋包,耐克,878.17,8177
P000855,伊利食品生鲜商品874,食品生鲜,伊利,791.6,6557
P000856,东鹏家居家装商品782,家居家装,东鹏,607.13,6626
P000857,中信出版社图书音像商品385,图书音像,中信出版社,155.9,7448
P000858,ZARA服装鞋包商品356,服装鞋包,ZARA,1004.22,3781
P000859,米其林汽车用品商品130,汽车用品,米其林,1247.03,865
P000860,冠能宠物用品商品610,宠物用品,冠能,681.33,2934
P000861,好奇母婴用品商品256,母婴用品,好奇,309.73,1578
P000862,周生生珠宝首饰商品776,珠宝首饰,周生生,1515.64,8064
P000863,明牌珠宝首饰商品306,珠宝首饰,明牌,622.45,8157
P000864,中信出版社图书音像商品367,图书音像,中信出版社,547.01,8856
P000865,安踏运动户外商品882,运动户外,安踏,41.28,7051
P000866,外交官箱包配饰商品492,箱包配饰,外交官,455.61,6165
P000867,新华书店图书音像商品136,图书音像,新华书店,42.53,9120
P000868,博世汽车用品商品823,汽车用品,博世,1731.08,7056
P000869,自然堂美妆护肤商品832,美妆护肤,自然堂,808.71,1792
P000870,施华洛世奇礼品鲜花商品602,礼品鲜花,施华洛世奇,663.48,8837
P000871,诺誓礼品鲜花商品587,礼品鲜花,诺誓,566.63,2560
P000872,安踏运动户外商品500,运动户外,安踏,270.76,9683
P000873,好奇母婴用品商品884,母婴用品,好奇,978.01,5250
P000874,苹果手机数码商品704,手机数码,苹果,838.39,6003
P000875,宜家家居家装商品883,家居家装,宜家,892.43,5591
P000876,飞鹤母婴用品商品538,母婴用品,飞鹤,351.69,5855
P000877,好奇母婴用品商品157,母婴用品,好奇,664.63,4056
P000878,松下家用电器商品706,家用电器,松下,1137.06,1073
P000879,耐威克宠物用品商品217,宠物用品,耐威克,344.22,322
P000880,哥伦比亚运动户外商品138,运动户外,哥伦比亚,466.3,6921
P000881,潘多拉礼品鲜花商品531,礼品鲜花,潘多拉,273.95,7695
P000882,Roseonly礼品鲜花商品424,礼品鲜花,Roseonly,383.96,6394
P000883,顾家家居家居家装商品927,家居家装,顾家家居,493.48,3373
P000884,东鹏家居家装商品614,家居家装,东鹏,813.34,5563
P000885,自然堂美妆护肤商品472,美妆护肤,自然堂,1940.38,3305
P000886,人民邮电出版社图书音像商品967,图书音像,人民邮电出版社,974.37,1234
P000887,麦富迪宠物用品商品394,宠物用品,麦富迪,272.5,4871
P000888,诺誓礼品鲜花商品923,礼品鲜花,诺誓,233.63,1506
P000889,钙尔奇医药保健商品706,医药保健,钙尔奇,343.47,1102
P000890,潘多拉礼品鲜花商品586,礼品鲜花,潘多拉,432.83,5690
P000891,周生生珠宝首饰商品767,珠宝首饰,周生生,1656.29,8268
P000892,潘多拉珠宝首饰商品543,珠宝首饰,潘多拉,1343.74,5133
P000893,小米家用电器商品511,家用电器,小米,2384.49,8443
P000894,人民邮电出版社图书音像商品881,图书音像,人民邮电出版社,552.09,304
P000895,米其林汽车用品商品690,汽车用品,米其林,4244.03,7656
P000896,福临门食品生鲜商品679,食品生鲜,福临门,729.35,981
P000897,探路者运动户外商品473,运动户外,探路者,467.86,3938
P000898,自然堂美妆护肤商品964,美妆护肤,自然堂,899.01,5220
P000899,冠能宠物用品商品749,宠物用品,冠能,211.52,6757
P000900,伊利食品生鲜商品761,食品生鲜,伊利,168.98,9850
P000901,小米家用电器商品344,家用电器,小米,1351.69,3144
P000902,OPPO手机数码商品916,手机数码,OPPO,6704.22,7604
P000903,中信出版社图书音像商品546,图书音像,中信出版社,427.8,606
P000904,格力家用电器商品379,家用电器,格力,1523.23,4233
P000905,潘多拉珠宝首饰商品774,珠宝首饰,潘多拉,1123.88,691
P000906,东阿阿胶医药保健商品901,医药保健,东阿阿胶,29.71,1375
P000907,索菲亚家居家装商品987,家居家装,索菲亚,72.95,6668
P000908,GUCCI箱包配饰商品787,箱包配饰,GUCCI,660.86,1479
P000909,爱他美母婴用品商品341,母婴用品,爱他美,120.81,8196
P000910,外交官箱包配饰商品634,箱包配饰,外交官,667.57,9509
P000911,潘多拉珠宝首饰商品608,珠宝首饰,潘多拉,1774.9,3900
P000912,Roseonly礼品鲜花商品891,礼品鲜花,Roseonly,808.62,5395
P000913,pidan宠物用品商品925,宠物用品,pidan,750.89,3865
P000914,COACH箱包配饰商品323,箱包配饰,COACH,152.84,2869
P000915,松下家用电器商品550,家用电器,松下,3562.82,9658
P000916,荣耀手机数码商品646,手机数码,荣耀,3310.29,1850
P000917,马可波罗家居家装商品586,家居家装,马可波罗,685.91,4550
P000918,Samsonite箱包配饰商品471,箱包配饰,Samsonite,480.47,6025
P000919,耐威克宠物用品商品121,宠物用品,耐威克,648.94,9925
P000920,苹果手机数码商品807,手机数码,苹果,7380.93,3926
P000921,福临门食品生鲜商品416,食品生鲜,福临门,642.56,5945
P000922,外交官箱包配饰商品647,箱包配饰,外交官,868.28,7248
P000923,贝因美母婴用品商品502,母婴用品,贝因美,928.23,4186
P000924,百草味食品生鲜商品942,食品生鲜,百草味,759.1,4872
P000925,格力家用电器商品549,家用电器,格力,5235.15,6656
P000926,周大福珠宝首饰商品380,珠宝首饰,周大福,1739.57,8055
P000927,人民邮电出版社图书音像商品522,图书音像,人民邮电出版社,927.23,5451
P000928,九芝堂医药保健商品997,医药保健,九芝堂,919.36,1644
P000929,比瑞吉宠物用品商品815,宠物用品,比瑞吉,268.36,1087
P000930,马可波罗家居家装商品716,家居家装,马可波罗,731.94,8973
P000931,云南白药医药保健商品564,医药保健,云南白药,698.26,853
P000932,米其林汽车用品商品745,汽车用品,米其林,3825.54,2229
P000933,一加手机数码商品304,手机数码,一加,5212.22,5140
P000934,Roseonly礼品鲜花商品213,礼品鲜花,Roseonly,166.24,8460
P000935,善存医药保健商品967,医药保健,善存,598.08,6722
P000936,施华洛世奇珠宝首饰商品562,珠宝首饰,施华洛世奇,982.81,2187
P000937,良品铺子食品生鲜商品803,食品生鲜,良品铺子,597.09,5367
P000938,潘多拉珠宝首饰商品303,珠宝首饰,潘多拉,214.58,6022
P000939,珀莱雅美妆护肤商品997,美妆护肤,珀莱雅,785.77,9345
P000940,美的家用电器商品123,家用电器,美的,7423.34,3747
P000941,外交官箱包配饰商品573,箱包配饰,外交官,206.28,2764
P000942,一加手机数码商品732,手机数码,一加,3716.78,4262
P000943,兰蔻美妆护肤商品476,美妆护肤,兰蔻,381.74,9293
P000944,优衣库服装鞋包商品835,服装鞋包,优衣库,1075.38,7433
P000945,小佩宠物用品商品221,宠物用品,小佩,232.24,3328
P000946,松下家用电器商品394,家用电器,松下,6098.32,6259
P000947,珀莱雅美妆护肤商品976,美妆护肤,珀莱雅,452.88,3531
P000948,耐威克宠物用品商品844,宠物用品,耐威克,680.42,6853
P000949,珀莱雅美妆护肤商品911,美妆护肤,珀莱雅,334.59,4754
P000950,蒙牛食品生鲜商品732,食品生鲜,蒙牛,456.47,4068
P000951,东鹏家居家装商品187,家居家装,东鹏,20.22,2182
P000952,网易严选宠物用品商品809,宠物用品,网易严选,403.58,3476
P000953,九芝堂医药保健商品825,医药保健,九芝堂,429.06,9784
P000954,百草味食品生鲜商品197,食品生鲜,百草味,561.43,853
P000955,曲美家居家装商品582,家居家装,曲美,909.14,9934
P000956,3M汽车用品商品105,汽车用品,3M,2402.43,6241
P000957,福临门食品生鲜商品787,食品生鲜,福临门,377.19,9167
P000958,小米手机数码商品366,手机数码,小米,1774.0,8074
P000959,GUCCI箱包配饰商品998,箱包配饰,GUCCI,473.4,1468
P000960,马可波罗家居家装商品245,家居家装,马可波罗,267.8,5132
P000961,小米手机数码商品611,手机数码,小米,7037.6,4603
P000962,云南白药医药保健商品540,医药保健,云南白药,290.1,4312
P000963,花点时间礼品鲜花商品629,礼品鲜花,花点时间,319.88,2703
P000964,东鹏家居家装商品882,家居家装,东鹏,950.55,9104
P000965,小佩宠物用品商品154,宠物用品,小佩,197.03,894
P000966,格力家用电器商品136,家用电器,格力,4026.86,2679
P000967,东阿阿胶医药保健商品546,医药保健,东阿阿胶,124.86,8108
P000968,荣耀手机数码商品465,手机数码,荣耀,7916.14,9189
P000969,新华书店图书音像商品604,图书音像,新华书店,121.37,2425
P000970,海澜之家服装鞋包商品195,服装鞋包,海澜之家,447.28,4654
P000971,SK-II美妆护肤商品867,美妆护肤,SK-II,1042.04,4469
P000972,施华洛世奇礼品鲜花商品699,礼品鲜花,施华洛世奇,220.27,67
P000973,361度运动户外商品526,运动户外,361度,921.21,4033
P000974,明牌珠宝首饰商品793,珠宝首饰,明牌,233.9,5384
P000975,vivo手机数码商品797,手机数码,vivo,7860.01,1998
P000976,好奇母婴用品商品704,母婴用品,好奇,929.86,1737
P000977,网易严选宠物用品商品257,宠物用品,网易严选,38.59,7540
P000978,小佩宠物用品商品564,宠物用品,小佩,632.07,4412
P000979,施华洛世奇礼品鲜花商品105,礼品鲜花,施华洛世奇,336.13,718
P000980,海康威视汽车用品商品432,汽车用品,海康威视,7605.64,9325
P000981,欧莱雅美妆护肤商品983,美妆护肤,欧莱雅,144.93,4635
P000982,宜家家居家装商品861,家居家装,宜家,80.02,9867
P000983,飞鹤母婴用品商品508,母婴用品,飞鹤,262.61,3933
P000984,潮宏基珠宝首饰商品191,珠宝首饰,潮宏基,90.0,3411
P000985,珀莱雅美妆护肤商品898,美妆护肤,珀莱雅,834.67,2525
P000986,阿迪达斯服装鞋包商品602,服装鞋包,阿迪达斯,1612.15,5080
P000987,Samsonite箱包配饰商品467,箱包配饰,Samsonite,668.87,6020
P000988,探路者运动户外商品601,运动户外,探路者,450.99,6358
P000989,博库网图书音像商品676,图书音像,博库网,604.34,1478
P000990,潮宏基珠宝首饰商品930,珠宝首饰,潮宏基,768.06,3053
P000991,帮宝适母婴用品商品195,母婴用品,帮宝适,50.03,5599
P000992,人民邮电出版社图书音像商品329,图书音像,人民邮电出版社,651.13,2540
P000993,MK箱包配饰商品639,箱包配饰,MK,633.26,8596
P000994,阿迪达斯服装鞋包商品579,服装鞋包,阿迪达斯,902.84,7825
P000995,良品铺子食品生鲜商品230,食品生鲜,良品铺子,687.47,4921
P000996,麦富迪宠物用品商品635,宠物用品,麦富迪,433.45,9314
P000997,华为手机数码商品146,手机数码,华为,4350.61,8366
P000998,帮宝适母婴用品商品196,母婴用品,帮宝适,470.01,9313
P000999,耐威克宠物用品商品463,宠物用品,耐威克,262.31,1339
P001000,周大福珠宝首饰商品216,珠宝首饰,周大福,1494.01,7583
P001001,SK-II美妆护肤商品963,美妆护肤,SK-II,816.27,1364
P001002,花王母婴用品商品421,母婴用品,花王,591.34,7454
P001003,明牌珠宝首饰商品738,珠宝首饰,明牌,1625.28,5592
P001004,Samsonite箱包配饰商品316,箱包配饰,Samsonite,193.24,9896
P001005,百草味食品生鲜商品544,食品生鲜,百草味,539.03,95
P001006,飞鹤母婴用品商品113,母婴用品,飞鹤,180.02,7817
P001007,人民邮电出版社图书音像商品514,图书音像,人民邮电出版社,870.09,9861
P001008,东阿阿胶医药保健商品410,医药保健,东阿阿胶,622.31,5910
P001009,九芝堂医药保健商品923,医药保健,九芝堂,309.63,2049
P001010,雅诗兰黛美妆护肤商品295,美妆护肤,雅诗兰黛,268.23,260
P001011,Swisse医药保健商品979,医药保健,Swisse,36.55,7882
P001012,米其林汽车用品商品765,汽车用品,米其林,2313.35,8824
P001013,海尔家用电器商品408,家用电器,海尔,6272.91,2427
P001014,新华书店图书音像商品122,图书音像,新华书店,125.29,2497
P001015,东阿阿胶医药保健商品596,医药保健,东阿阿胶,476.77,7364
P001016,野兽派礼品鲜花商品306,礼品鲜花,野兽派,301.88,6418
P001017,三星手机数码商品108,手机数码,三星,1269.98,7074
P001018,强生母婴用品商品854,母婴用品,强生,582.87,9081
P001019,三只松鼠食品生鲜商品599,食品生鲜,三只松鼠,405.68,8410
P001020,施华洛世奇礼品鲜花商品726,礼品鲜花,施华洛世奇,935.93,7993
P001021,美的家用电器商品640,家用电器,美的,642.65,9443
P001022,顾家家居家居家装商品374,家居家装,顾家家居,893.95,6834
P001023,MK箱包配饰商品219,箱包配饰,MK,499.84,5681
P001024,人民邮电出版社图书音像商品546,图书音像,人民邮电出版社,30.6,4718
P001025,Swisse医药保健商品580,医药保健,Swisse,350.41,3802
P001026,探路者运动户外商品701,运动户外,探路者,909.98,5556
P001027,MK箱包配饰商品234,箱包配饰,MK,884.34,6395
P001028,好奇母婴用品商品915,母婴用品,好奇,477.6,2654
P001029,野兽派礼品鲜花商品389,礼品鲜花,野兽派,693.79,1412
P001030,海康威视汽车用品商品232,汽车用品,海康威视,1799.68,2561
P001031,诺誓礼品鲜花商品203,礼品鲜花,诺誓,795.55,8089
P001032,蒙牛食品生鲜商品314,食品生鲜,蒙牛,561.26,297
P001033,索菲亚家居家装商品465,家居家装,索菲亚,680.16,2862
P001034,皇家宠物用品商品926,宠物用品,皇家,73.03,7055
P001035,耐克服装鞋包商品223,服装鞋包,耐克,1145.86,7968
P001036,金龙鱼食品生鲜商品903,食品生鲜,金龙鱼,361.69,764
P001037,潘多拉珠宝首饰商品254,珠宝首饰,潘多拉,1714.15,8444
P001038,施华洛世奇礼品鲜花商品206,礼品鲜花,施华洛世奇,709.34,7173
P001039,明牌珠宝首饰商品961,珠宝首饰,明牌,1523.74,1734
P001040,周生生珠宝首饰商品943,珠宝首饰,周生生,1146.82,8311
P001041,H&M服装鞋包商品745,服装鞋包,H&M,280.22,3365
P001042,GUCCI箱包配饰商品260,箱包配饰,GUCCI,731.07,7233
P001043,明牌珠宝首饰商品850,珠宝首饰,明牌,1747.46,2527
P001044,卡仕达汽车用品商品442,汽车用品,卡仕达,6643.71,2014
P001045,麦富迪宠物用品商品549,宠物用品,麦富迪,969.94,107
P001046,苏泊尔家用电器商品449,家用电器,苏泊尔,2650.69,2805
P001047,阿迪达斯服装鞋包商品481,服装鞋包,阿迪达斯,1444.64,6799
P001048,曲美家居家装商品255,家居家装,曲美,755.67,8677
P001049,美赞臣母婴用品商品241,母婴用品,美赞臣,803.75,6773
P001050,COACH箱包配饰商品569,箱包配饰,COACH,952.32,8456
P001051,施华洛世奇珠宝首饰商品130,珠宝首饰,施华洛世奇,913.03,162
P001052,钙尔奇医药保健商品186,医药保健,钙尔奇,344.92,6580
P001053,老凤祥珠宝首饰商品544,珠宝首饰,老凤祥,169.86,607
P001054,米其林汽车用品商品688,汽车用品,米其林,933.57,8516
P001055,福临门食品生鲜商品511,食品生鲜,福临门,886.93,9070
P001056,耐威克宠物用品商品838,宠物用品,耐威克,745.27,5638
P001057,vivo手机数码商品640,手机数码,vivo,5078.01,2406
P001058,九芝堂医药保健商品556,医药保健,九芝堂,647.44,8919
P001059,潘多拉礼品鲜花商品767,礼品鲜花,潘多拉,447.72,5656
P001060,COACH箱包配饰商品894,箱包配饰,COACH,205.32,4940
P001061,优衣库服装鞋包商品650,服装鞋包,优衣库,702.26,2064
P001062,骆驼运动户外商品318,运动户外,骆驼,101.89,9040
P001063,金龙鱼食品生鲜商品875,食品生鲜,金龙鱼,639.33,383
P001064,vivo手机数码商品347,手机数码,vivo,6741.72,4979
P001065,九芝堂医药保健商品617,医药保健,九芝堂,119.34,982
P001066,网易严选宠物用品商品365,宠物用品,网易严选,630.72,5807
P001067,优衣库服装鞋包商品874,服装鞋包,优衣库,1319.38,2043
P001068,博库网图书音像商品686,图书音像,博库网,739.49,7424
P001069,曲美家居家装商品924,家居家装,曲美,748.3,9528
P001070,施华洛世奇礼品鲜花商品742,礼品鲜花,施华洛世奇,668.87,9757
P001071,戴森家用电器商品406,家用电器,戴森,2634.02,9384
P001072,米其林汽车用品商品831,汽车用品,米其林,3332.49,4057
P001073,海澜之家服装鞋包商品628,服装鞋包,海澜之家,1185.62,5919
P001074,当当图书音像商品250,图书音像,当当,714.52,6751
P001075,ZARA服装鞋包商品163,服装鞋包,ZARA,878.53,2130
P001076,京东图书图书音像商品556,图书音像,京东图书,87.29,8622
P001077,帮宝适母婴用品商品992,母婴用品,帮宝适,271.06,8172
P001078,凌度汽车用品商品550,汽车用品,凌度,5667.63,8020
P001079,九芝堂医药保健商品943,医药保健,九芝堂,171.21,8286
P001080,薇诺娜美妆护肤商品828,美妆护肤,薇诺娜,942.54,8408
P001081,冠能宠物用品商品811,宠物用品,冠能,220.52,7755
P001082,小米手机数码商品672,手机数码,小米,3269.99,1945
P001083,诺誓礼品鲜花商品212,礼品鲜花,诺誓,129.66,9367
P001084,三只松鼠食品生鲜商品635,食品生鲜,三只松鼠,161.77,6086
P001085,金龙鱼食品生鲜商品410,食品生鲜,金龙鱼,301.04,458
P001086,老凤祥珠宝首饰商品245,珠宝首饰,老凤祥,1578.4,6910
P001087,vivo手机数码商品390,手机数码,vivo,2116.86,8008
P001088,华为手机数码商品660,手机数码,华为,3114.87,732
P001089,强生母婴用品商品686,母婴用品,强生,316.6,7411
P001090,GUCCI箱包配饰商品900,箱包配饰,GUCCI,383.53,9923
P001091,SK-II美妆护肤商品616,美妆护肤,SK-II,1291.1,7371
P001092,海康威视汽车用品商品252,汽车用品,海康威视,6997.59,5328
P001093,七匹狼服装鞋包商品496,服装鞋包,七匹狼,504.0,6478
P001094,宜家家居家装商品786,家居家装,宜家,891.14,4544
P001095,壳牌汽车用品商品986,汽车用品,壳牌,1742.11,406
P001096,施华洛世奇礼品鲜花商品915,礼品鲜花,施华洛世奇,773.88,5060
P001097,李宁运动户外商品759,运动户外,李宁,563.76,3152
P001098,潘多拉礼品鲜花商品690,礼品鲜花,潘多拉,760.04,9342
P001099,探路者运动户外商品868,运动户外,探路者,481.08,305
P001100,H&M服装鞋包商品119,服装鞋包,H&M,586.18,3371
P001101,苏泊尔家用电器商品186,家用电器,苏泊尔,6551.91,9942
P001102,马可波罗家居家装商品703,家居家装,马可波罗,54.53,381
P001103,马可波罗家居家装商品284,家居家装,马可波罗,420.79,8649
P001104,马可波罗家居家装商品363,家居家装,马可波罗,100.11,1627
P001105,361度运动户外商品392,运动户外,361度,152.59,4187
P001106,周生生珠宝首饰商品257,珠宝首饰,周生生,648.25,6672
P001107,米其林汽车用品商品160,汽车用品,米其林,5108.57,5329
P001108,雅诗兰黛美妆护肤商品830,美妆护肤,雅诗兰黛,164.08,6388
P001109,海澜之家服装鞋包商品245,服装鞋包,海澜之家,855.0,5311
P001110,福临门食品生鲜商品947,食品生鲜,福临门,900.51,849
P001111,西门子家用电器商品870,家用电器,西门子,4977.53,3874
P001112,中信出版社图书音像商品870,图书音像,中信出版社,509.38,1885
P001113,三只松鼠食品生鲜商品425,食品生鲜,三只松鼠,470.18,6669
P001114,波司登服装鞋包商品129,服装鞋包,波司登,844.61,3829
P001115,新秀丽箱包配饰商品375,箱包配饰,新秀丽,558.53,9603
P001116,壳牌汽车用品商品352,汽车用品,壳牌,6222.34,2057
P001117,福临门食品生鲜商品556,食品生鲜,福临门,93.07,8199
P001118,格力家用电器商品482,家用电器,格力,4553.3,2755
P001119,六福珠宝珠宝首饰商品650,珠宝首饰,六福珠宝,1907.59,9095
P001120,当当图书音像商品101,图书音像,当当,814.52,4739
P001121,米其林汽车用品商品100,汽车用品,米其林,951.31,7900
P001122,伊利食品生鲜商品959,食品生鲜,伊利,683.2,5757
P001123,麦富迪宠物用品商品699,宠物用品,麦富迪,842.28,4609
P001124,小米手机数码商品856,手机数码,小米,4505.67,1145
P001125,百草味食品生鲜商品504,食品生鲜,百草味,701.45,2288
P001126,同仁堂医药保健商品999,医药保健,同仁堂,437.64,8270
P001127,施华洛世奇珠宝首饰商品798,珠宝首饰,施华洛世奇,1893.55,4282
P001128,明牌珠宝首饰商品379,珠宝首饰,明牌,529.56,5269
P001129,曲美家居家装商品570,家居家装,曲美,959.4,5381
P001130,小米手机数码商品761,手机数码,小米,7416.93,9974
P001131,当当图书音像商品109,图书音像,当当,675.98,6769
P001132,迪卡侬运动户外商品880,运动户外,迪卡侬,398.86,1329
P001133,周生生珠宝首饰商品651,珠宝首饰,周生生,110.35,7293
P001134,壳牌汽车用品商品461,汽车用品,壳牌,7790.29,6166
P001135,网易严选宠物用品商品496,宠物用品,网易严选,185.41,138
P001136,波司登服装鞋包商品479,服装鞋包,波司登,1875.68,7283
P001137,OPPO手机数码商品860,手机数码,OPPO,648.36,4606
P001138,卡仕达汽车用品商品296,汽车用品,卡仕达,1174.75,4967
P001139,六福珠宝珠宝首饰商品339,珠宝首饰,六福珠宝,1961.23,5947
P001140,vivo手机数码商品604,手机数码,vivo,7283.81,9929
P001141,美的家用电器商品300,家用电器,美的,7881.98,6489
P001142,阿迪达斯服装鞋包商品682,服装鞋包,阿迪达斯,1025.63,2793
P001143,探路者运动户外商品775,运动户外,探路者,741.43,9879
P001144,野兽派礼品鲜花商品166,礼品鲜花,野兽派,592.28,1065
P001145,自然堂美妆护肤商品683,美妆护肤,自然堂,1718.18,8570
P001146,同仁堂医药保健商品296,医药保健,同仁堂,849.19,378
P001147,同仁堂医药保健商品797,医药保健,同仁堂,564.51,7437
P001148,一加手机数码商品756,手机数码,一加,5548.25,849
P001149,网易严选宠物用品商品542,宠物用品,网易严选,845.9,6666
P001150,百草味食品生鲜商品796,食品生鲜,百草味,523.11,8119
P001151,宜家家居家装商品838,家居家装,宜家,232.3,4553
P001152,COACH箱包配饰商品645,箱包配饰,COACH,454.37,84
P001153,美赞臣母婴用品商品442,母婴用品,美赞臣,90.99,9368
P001154,周大福珠宝首饰商品855,珠宝首饰,周大福,489.97,6943
P001155,耐克服装鞋包商品301,服装鞋包,耐克,370.74,5092
P001156,ZARA服装鞋包商品128,服装鞋包,ZARA,985.93,393
P001157,施华洛世奇礼品鲜花商品442,礼品鲜花,施华洛世奇,842.1,4049
P001158,波司登服装鞋包商品344,服装鞋包,波司登,1919.67,891
P001159,网易严选宠物用品商品632,宠物用品,网易严选,796.17,1194
P001160,明牌珠宝首饰商品882,珠宝首饰,明牌,236.56,7314
P001161,Roseonly礼品鲜花商品187,礼品鲜花,Roseonly,974.78,546
P001162,好奇母婴用品商品968,母婴用品,好奇,696.43,2089
P001163,荣耀手机数码商品156,手机数码,荣耀,2761.03,7075
P001164,ZARA服装鞋包商品793,服装鞋包,ZARA,158.79,855
P001165,福临门食品生鲜商品511,食品生鲜,福临门,104.87,6735
P001166,美的家用电器商品564,家用电器,美的,3379.4,7014
P001167,外交官箱包配饰商品447,箱包配饰,外交官,654.41,425
P001168,中信出版社图书音像商品436,图书音像,中信出版社,591.94,1769
P001169,优衣库服装鞋包商品709,服装鞋包,优衣库,1440.93,9713
P001170,六福珠宝珠宝首饰商品686,珠宝首饰,六福珠宝,295.66,8337
P001171,金龙鱼食品生鲜商品531,食品生鲜,金龙鱼,486.59,7284
P001172,欧莱雅美妆护肤商品240,美妆护肤,欧莱雅,1604.2,991
P001173,自然堂美妆护肤商品698,美妆护肤,自然堂,899.9,5861
P001174,良品铺子食品生鲜商品250,食品生鲜,良品铺子,474.83,9884
P001175,索菲亚家居家装商品477,家居家装,索菲亚,970.57,8481
P001176,施华洛世奇礼品鲜花商品794,礼品鲜花,施华洛世奇,153.15,3889
P001177,安踏运动户外商品532,运动户外,安踏,350.38,3282
P001178,固特异汽车用品商品904,汽车用品,固特异,1013.03,3102
P001179,海康威视汽车用品商品811,汽车用品,海康威视,5688.81,7657
P001180,施华洛世奇礼品鲜花商品439,礼品鲜花,施华洛世奇,853.49,9274
P001181,索菲亚家居家装商品528,家居家装,索菲亚,335.33,1717
P001182,当当图书音像商品607,图书音像,当当,227.21,60
P001183,固特异汽车用品商品809,汽车用品,固特异,2227.06,3492
P001184,苏泊尔家用电器商品852,家用电器,苏泊尔,6262.61,5431
P001185,潮宏基珠宝首饰商品310,珠宝首饰,潮宏基,830.61,110
P001186,宜家家居家装商品175,家居家装,宜家,364.31,9088
P001187,H&M服装鞋包商品397,服装鞋包,H&M,908.8,9595
P001188,GUCCI箱包配饰商品144,箱包配饰,GUCCI,975.56,3262
P001189,松下家用电器商品278,家用电器,松下,2142.09,4292
P001190,善存医药保健商品447,医药保健,善存,849.06,4029
P001191,欧莱雅美妆护肤商品122,美妆护肤,欧莱雅,393.35,4289
P001192,外交官箱包配饰商品121,箱包配饰,外交官,833.13,2248
P001193,飞鹤母婴用品商品446,母婴用品,飞鹤,936.75,4998
P001194,京东图书图书音像商品478,图书音像,京东图书,811.39,2807
P001195,始祖鸟运动户外商品999,运动户外,始祖鸟,713.83,1941
P001196,SK-II美妆护肤商品913,美妆护肤,SK-II,419.8,8725
P001197,好奇母婴用品商品425,母婴用品,好奇,603.55,4006
P001198,新秀丽箱包配饰商品881,箱包配饰,新秀丽,619.87,3098
P001199,耐威克宠物用品商品908,宠物用品,耐威克,157.08,4049
P001200,vivo手机数码商品993,手机数码,vivo,1448.44,8327
P001201,诺誓礼品鲜花商品314,礼品鲜花,诺誓,730.03,7711
P001202,周生生珠宝首饰商品271,珠宝首饰,周生生,1041.8,8342
P001203,东鹏家居家装商品631,家居家装,东鹏,469.62,5272
P001204,云南白药医药保健商品638,医药保健,云南白药,697.56,8106
P001205,博库网图书音像商品695,图书音像,博库网,406.94,9567
P001206,3M汽车用品商品312,汽车用品,3M,2146.45,3325
P001207,京东图书图书音像商品505,图书音像,京东图书,226.41,6963
P001208,COACH箱包配饰商品685,箱包配饰,COACH,165.64,6129
P001209,百草味食品生鲜商品237,食品生鲜,百草味,754.11,4834
P001210,中信出版社图书音像商品460,图书音像,中信出版社,237.88,674
P001211,中信出版社图书音像商品736,图书音像,中信出版社,343.01,7391
P001212,新华书店图书音像商品518,图书音像,新华书店,373.84,8151
P001213,索菲亚家居家装商品491,家居家装,索菲亚,34.47,7236
P001214,松下家用电器商品760,家用电器,松下,1069.16,1350
P001215,百草味食品生鲜商品904,食品生鲜,百草味,283.66,3731
P001216,ZARA服装鞋包商品173,服装鞋包,ZARA,752.46,8946
P001217,戴森家用电器商品301,家用电器,戴森,5563.3,4096
P001218,伊利食品生鲜商品295,食品生鲜,伊利,708.59,2258
P001219,耐威克宠物用品商品108,宠物用品,耐威克,772.38,4617
P001220,网易严选宠物用品商品901,宠物用品,网易严选,996.87,6647
P001221,皇家宠物用品商品583,宠物用品,皇家,657.55,2445
P001222,pidan宠物用品商品333,宠物用品,pidan,234.66,3438
P001223,京东图书图书音像商品628,图书音像,京东图书,591.13,9054
P001224,明牌珠宝首饰商品839,珠宝首饰,明牌,1638.08,5581
P001225,周生生珠宝首饰商品420,珠宝首饰,周生生,1699.31,7025
P001226,潮宏基珠宝首饰商品314,珠宝首饰,潮宏基,905.43,9149
P001227,三星手机数码商品242,手机数码,三星,4831.31,2102
P001228,三只松鼠食品生鲜商品611,食品生鲜,三只松鼠,812.3,5810
P001229,曲美家居家装商品529,家居家装,曲美,431.46,6608
P001230,潘多拉珠宝首饰商品433,珠宝首饰,潘多拉,1194.56,9299
P001231,周大福珠宝首饰商品242,珠宝首饰,周大福,349.7,5410
P001232,施华洛世奇礼品鲜花商品918,礼品鲜花,施华洛世奇,606.97,9958
P001233,诺誓礼品鲜花商品490,礼品鲜花,诺誓,212.16,6400
P001234,七匹狼服装鞋包商品292,服装鞋包,七匹狼,975.82,5387
P001235,诺誓礼品鲜花商品754,礼品鲜花,诺誓,895.8,1527
P001236,兰蔻美妆护肤商品791,美妆护肤,兰蔻,1128.17,525
P001237,小佩宠物用品商品127,宠物用品,小佩,194.83,1138
P001238,COACH箱包配饰商品390,箱包配饰,COACH,213.83,4769
P001239,壳牌汽车用品商品565,汽车用品,壳牌,930.9,8495
P001240,小米手机数码商品434,手机数码,小米,6947.81,6731
P001241,爱他美母婴用品商品213,母婴用品,爱他美,137.85,6855
P001242,人民邮电出版社图书音像商品170,图书音像,人民邮电出版社,395.1,3382
P001243,欧莱雅美妆护肤商品417,美妆护肤,欧莱雅,892.79,7778
P001244,自然堂美妆护肤商品701,美妆护肤,自然堂,445.8,7519
P001245,蒙牛食品生鲜商品107,食品生鲜,蒙牛,991.17,7302
P001246,七匹狼服装鞋包商品719,服装鞋包,七匹狼,1624.75,8615
P001247,东鹏家居家装商品571,家居家装,东鹏,468.07,640
P001248,钙尔奇医药保健商品394,医药保健,钙尔奇,649.84,7476
P001249,索菲亚家居家装商品500,家居家装,索菲亚,616.9,2869
P001250,美赞臣母婴用品商品283,母婴用品,美赞臣,900.96,7079
P001251,新华书店图书音像商品774,图书音像,新华书店,191.61,9316
P001252,七匹狼服装鞋包商品815,服装鞋包,七匹狼,1894.09,3927
P001253,Samsonite箱包配饰商品380,箱包配饰,Samsonite,883.73,8810
P001254,百草味食品生鲜商品814,食品生鲜,百草味,729.27,3559
P001255,MK箱包配饰商品521,箱包配饰,MK,992.47,9057
P001256,海澜之家服装鞋包商品178,服装鞋包,海澜之家,1523.02,8264
P001257,施华洛世奇珠宝首饰商品519,珠宝首饰,施华洛世奇,929.33,4141
P001258,美的家用电器商品573,家用电器,美的,700.38,7567
P001259,好奇母婴用品商品863,母婴用品,好奇,405.35,3185
P001260,贝因美母婴用品商品110,母婴用品,贝因美,258.1,2236
P001261,东鹏家居家装商品596,家居家装,东鹏,466.74,1352
P001262,探路者运动户外商品830,运动户外,探路者,950.52,2297
P001263,博库网图书音像商品961,图书音像,博库网,169.75,295
P001264,Roseonly礼品鲜花商品281,礼品鲜花,Roseonly,301.2,8759
P001265,九芝堂医药保健商品272,医药保健,九芝堂,86.81,183
P001266,博世汽车用品商品257,汽车用品,博世,3804.93,2915
P001267,美的家用电器商品791,家用电器,美的,4492.24,7242
P001268,汤臣倍健医药保健商品956,医药保健,汤臣倍健,638.44,8566
P001269,壳牌汽车用品商品499,汽车用品,壳牌,5677.6,7274
P001270,苹果手机数码商品149,手机数码,苹果,6293.07,3305
P001271,瑞士军威箱包配饰商品483,箱包配饰,瑞士军威,909.67,3276
P001272,优衣库服装鞋包商品531,服装鞋包,优衣库,104.49,238
P001273,曲美家居家装商品796,家居家装,曲美,672.26,3613
P001274,外交官箱包配饰商品916,箱包配饰,外交官,837.03,2750
P001275,善存医药保健商品145,医药保健,善存,421.52,1764
P001276,网易严选宠物用品商品430,宠物用品,网易严选,566.43,3105
P001277,野兽派礼品鲜花商品654,礼品鲜花,野兽派,401.11,7010
P001278,耐克服装鞋包商品318,服装鞋包,耐克,256.48,5298
P001279,雅诗兰黛美妆护肤商品511,美妆护肤,雅诗兰黛,1325.29,196
P001280,美赞臣母婴用品商品569,母婴用品,美赞臣,227.9,4562
P001281,卡仕达汽车用品商品144,汽车用品,卡仕达,1004.98,3580
P001282,花王母婴用品商品885,母婴用品,花王,602.88,1668
P001283,善存医药保健商品357,医药保健,善存,959.44,9828
P001284,马可波罗家居家装商品794,家居家装,马可波罗,925.31,2177
P001285,全友家居家居家装商品750,家居家装,全友家居,764.1,5209
P001286,小佩宠物用品商品169,宠物用品,小佩,341.75,9970
P001287,MK箱包配饰商品491,箱包配饰,MK,515.92,3808
P001288,安踏运动户外商品338,运动户外,安踏,31.0,2032
P001289,蒙牛食品生鲜商品855,食品生鲜,蒙牛,434.21,3990
P001290,Roseonly礼品鲜花商品161,礼品鲜花,Roseonly,146.18,8171
P001291,蒙牛食品生鲜商品255,食品生鲜,蒙牛,381.99,621
P001292,苏泊尔家用电器商品856,家用电器,苏泊尔,7079.99,2199
P001293,金龙鱼食品生鲜商品759,食品生鲜,金龙鱼,789.1,648
P001294,始祖鸟运动户外商品763,运动户外,始祖鸟,814.58,388
P001295,戴森家用电器商品450,家用电器,戴森,2316.87,8836
P001296,OPPO手机数码商品920,手机数码,OPPO,5655.12,3644
P001297,诺誓礼品鲜花商品633,礼品鲜花,诺誓,328.42,7247
P001298,3M汽车用品商品166,汽车用品,3M,7024.0,1146
P001299,美的家用电器商品749,家用电器,美的,7940.09,3345
P001300,兰蔻美妆护肤商品277,美妆护肤,兰蔻,1205.63,3348
P001301,海尔家用电器商品536,家用电器,海尔,5937.42,5103
P001302,欧莱雅美妆护肤商品350,美妆护肤,欧莱雅,876.83,9926
P001303,松下家用电器商品392,家用电器,松下,4823.16,3299
P001304,五粮液食品生鲜商品181,食品生鲜,五粮液,951.5,5891
P001305,帮宝适母婴用品商品271,母婴用品,帮宝适,476.01,6925
P001306,始祖鸟运动户外商品878,运动户外,始祖鸟,164.32,7897
P001307,一加手机数码商品537,手机数码,一加,6905.32,4918
P001308,潘多拉礼品鲜花商品256,礼品鲜花,潘多拉,557.32,2878
P001309,福临门食品生鲜商品574,食品生鲜,福临门,312.79,4640
P001310,强生母婴用品商品173,母婴用品,强生,339.9,7688
P001311,格力家用电器商品294,家用电器,格力,531.35,8203
P001312,云南白药医药保健商品603,医药保健,云南白药,410.51,6812
P001313,好奇母婴用品商品493,母婴用品,好奇,494.66,9638
P001314,七匹狼服装鞋包商品139,服装鞋包,七匹狼,1985.32,2039
P001315,爱他美母婴用品商品298,母婴用品,爱他美,765.32,4182
P001316,施华洛世奇珠宝首饰商品621,珠宝首饰,施华洛世奇,1432.8,6032
P001317,汤臣倍健医药保健商品766,医药保健,汤臣倍健,391.48,6947
P001318,Swisse医药保健商品348,医药保健,Swisse,482.95,5921
P001319,3M汽车用品商品814,汽车用品,3M,5492.57,2422
P001320,五粮液食品生鲜商品797,食品生鲜,五粮液,155.89,4053
P001321,潘多拉礼品鲜花商品778,礼品鲜花,潘多拉,843.1,202
P001322,ZARA服装鞋包商品759,服装鞋包,ZARA,1437.64,6297
P001323,飞鹤母婴用品商品630,母婴用品,飞鹤,910.85,6929
P001324,珀莱雅美妆护肤商品358,美妆护肤,珀莱雅,1399.08,8202
P001325,始祖鸟运动户外商品700,运动户外,始祖鸟,314.9,6743
P001326,周生生珠宝首饰商品211,珠宝首饰,周生生,1290.55,5642
P001327,比瑞吉宠物用品商品375,宠物用品,比瑞吉,751.24,6520
P001328,同仁堂医药保健商品106,医药保健,同仁堂,987.16,8056
P001329,华为手机数码商品171,手机数码,华为,6303.08,6845
P001330,始祖鸟运动户外商品770,运动户外,始祖鸟,295.46,7060
P001331,SK-II美妆护肤商品483,美妆护肤,SK-II,413.48,2200
P001332,苏泊尔家用电器商品286,家用电器,苏泊尔,4269.6,1806
P001333,中信出版社图书音像商品933,图书音像,中信出版社,220.45,3292
P001334,小米手机数码商品928,手机数码,小米,6193.74,4249
P001335,COACH箱包配饰商品551,箱包配饰,COACH,630.57,1789
P001336,比瑞吉宠物用品商品181,宠物用品,比瑞吉,300.19,6188
P001337,阿迪达斯服装鞋包商品165,服装鞋包,阿迪达斯,717.2,9595
P001338,苏泊尔家用电器商品596,家用电器,苏泊尔,5546.03,1651
P001339,苹果手机数码商品372,手机数码,苹果,6138.49,118
P001340,3M汽车用品商品199,汽车用品,3M,2083.01,118
P001341,花王母婴用品商品597,母婴用品,花王,478.5,5521
P001342,诺誓礼品鲜花商品444,礼品鲜花,诺誓,377.08,5620
P001343,曲美家居家装商品469,家居家装,曲美,668.43,6200
P001344,Roseonly礼品鲜花商品464,礼品鲜花,Roseonly,874.35,1641
P001345,荣耀手机数码商品991,手机数码,荣耀,5737.31,2275
P001346,华为手机数码商品989,手机数码,华为,4479.72,4072
P001347,东鹏家居家装商品733,家居家装,东鹏,689.32,7785
P001348,始祖鸟运动户外商品776,运动户外,始祖鸟,196.06,5278
P001349,三星手机数码商品994,手机数码,三星,843.16,5333
P001350,海康威视汽车用品商品339,汽车用品,海康威视,5050.72,6556
P001351,钙尔奇医药保健商品456,医药保健,钙尔奇,433.64,7800
P001352,壳牌汽车用品商品851,汽车用品,壳牌,3386.44,9947
P001353,格力家用电器商品990,家用电器,格力,4400.41,9369
P001354,周大福珠宝首饰商品230,珠宝首饰,周大福,1020.95,1426
P001355,五粮液食品生鲜商品272,食品生鲜,五粮液,897.44,1895
P001356,人民邮电出版社图书音像商品653,图书音像,人民邮电出版社,248.49,3467
P001357,兰蔻美妆护肤商品208,美妆护肤,兰蔻,898.04,478
P001358,完美日记美妆护肤商品492,美妆护肤,完美日记,1544.3,3610
P001359,同仁堂医药保健商品781,医药保健,同仁堂,481.54,2016
P001360,米其林汽车用品商品647,汽车用品,米其林,5251.61,8060
P001361,海澜之家服装鞋包商品992,服装鞋包,海澜之家,486.42,9436
P001362,周生生珠宝首饰商品759,珠宝首饰,周生生,719.29,6252
P001363,凌度汽车用品商品927,汽车用品,凌度,2250.26,4244
P001364,阿迪达斯服装鞋包商品189,服装鞋包,阿迪达斯,267.2,5574
P001365,Swisse医药保健商品862,医药保健,Swisse,942.59,9385
P001366,全友家居家居家装商品973,家居家装,全友家居,320.24,6229
P001367,施华洛世奇礼品鲜花商品101,礼品鲜花,施华洛世奇,317.69,9667
P001368,探路者运动户外商品967,运动户外,探路者,394.26,6941
P001369,圣象家居家装商品916,家居家装,圣象,682.51,2069
P001370,探路者运动户外商品209,运动户外,探路者,401.36,8819
P001371,小佩宠物用品商品423,宠物用品,小佩,153.25,4863
P001372,麦富迪宠物用品商品611,宠物用品,麦富迪,683.18,2415
P001373,花点时间礼品鲜花商品249,礼品鲜花,花点时间,749.59,562
P001374,花点时间礼品鲜花商品416,礼品鲜花,花点时间,507.35,2022
P001375,五粮液食品生鲜商品746,食品生鲜,五粮液,830.4,8110
P001376,福临门食品生鲜商品160,食品生鲜,福临门,981.33,5458
P001377,欧莱雅美妆护肤商品968,美妆护肤,欧莱雅,1478.68,3687
P001378,汤臣倍健医药保健商品986,医药保健,汤臣倍健,778.28,7987
P001379,九芝堂医药保健商品406,医药保健,九芝堂,984.55,2608
P001380,一加手机数码商品445,手机数码,一加,3668.28,7756
P001381,马可波罗家居家装商品500,家居家装,马可波罗,81.1,4637
P001382,蒙牛食品生鲜商品817,食品生鲜,蒙牛,857.69,6451
P001383,H&M服装鞋包商品431,服装鞋包,H&M,1516.92,9509
P001384,皇家宠物用品商品970,宠物用品,皇家,935.23,4981
P001385,人民邮电出版社图书音像商品267,图书音像,人民邮电出版社,581.39,7239
P001386,东阿阿胶医药保健商品398,医药保健,东阿阿胶,898.25,3436
P001387,西门子家用电器商品852,家用电器,西门子,5384.28,5934
P001388,钙尔奇医药保健商品794,医药保健,钙尔奇,787.64,2418
P001389,帮宝适母婴用品商品795,母婴用品,帮宝适,843.24,922
P001390,海澜之家服装鞋包商品585,服装鞋包,海澜之家,400.28,859
P001391,海澜之家服装鞋包商品707,服装鞋包,海澜之家,895.95,2434
P001392,凌度汽车用品商品350,汽车用品,凌度,754.95,3946
P001393,强生母婴用品商品409,母婴用品,强生,691.1,2826
P001394,凌度汽车用品商品894,汽车用品,凌度,5688.46,1468
P001395,明牌珠宝首饰商品985,珠宝首饰,明牌,1645.48,6260
P001396,五粮液食品生鲜商品476,食品生鲜,五粮液,21.49,1910
P001397,ZARA服装鞋包商品600,服装鞋包,ZARA,1300.75,8351
P001398,美的家用电器商品700,家用电器,美的,4797.36,9381
P001399,博库网图书音像商品810,图书音像,博库网,747.91,9713
P001400,珀莱雅美妆护肤商品595,美妆护肤,珀莱雅,1999.91,7105
P001401,良品铺子食品生鲜商品201,食品生鲜,良品铺子,331.98,8806
P001402,珀莱雅美妆护肤商品932,美妆护肤,珀莱雅,1416.45,6451
P001403,迪卡侬运动户外商品165,运动户外,迪卡侬,523.71,9580
P001404,李宁运动户外商品871,运动户外,李宁,755.46,1922
P001405,SK-II美妆护肤商品105,美妆护肤,SK-II,1131.71,5149
P001406,优衣库服装鞋包商品231,服装鞋包,优衣库,1171.41,2641
P001407,阿迪达斯服装鞋包商品971,服装鞋包,阿迪达斯,1518.48,1386
P001408,阿迪达斯服装鞋包商品472,服装鞋包,阿迪达斯,1934.24,2811
P001409,贝因美母婴用品商品354,母婴用品,贝因美,307.59,8510
P001410,LV箱包配饰商品774,箱包配饰,LV,538.76,2291
P001411,诺誓礼品鲜花商品811,礼品鲜花,诺誓,319.81,5769
P001412,潘多拉礼品鲜花商品622,礼品鲜花,潘多拉,217.74,1622
P001413,3M汽车用品商品342,汽车用品,3M,775.5,2321
P001414,蒙牛食品生鲜商品237,食品生鲜,蒙牛,606.12,3539
P001415,花点时间礼品鲜花商品384,礼品鲜花,花点时间,137.21,6914
P001416,阿迪达斯服装鞋包商品366,服装鞋包,阿迪达斯,794.48,2675
P001417,强生母婴用品商品185,母婴用品,强生,945.29,6968
P001418,善存医药保健商品648,医药保健,善存,211.73,4413
P001419,固特异汽车用品商品831,汽车用品,固特异,3291.07,8379
P001420,野兽派礼品鲜花商品529,礼品鲜花,野兽派,823.35,5183
P001421,潮宏基珠宝首饰商品488,珠宝首饰,潮宏基,100.52,9889
P001422,海尔家用电器商品376,家用电器,海尔,1434.66,1802
P001423,凌度汽车用品商品167,汽车用品,凌度,2970.18,1457
P001424,圣象家居家装商品896,家居家装,圣象,280.52,3698
P001425,三只松鼠食品生鲜商品200,食品生鲜,三只松鼠,383.38,3640
P001426,飞鹤母婴用品商品901,母婴用品,飞鹤,926.38,2879
P001427,骆驼运动户外商品702,运动户外,骆驼,823.13,8021
P001428,海澜之家服装鞋包商品817,服装鞋包,海澜之家,1165.71,4620
P001429,骆驼运动户外商品722,运动户外,骆驼,108.08,785
P001430,完美日记美妆护肤商品869,美妆护肤,完美日记,809.65,5655
P001431,潮宏基珠宝首饰商品588,珠宝首饰,潮宏基,1205.0,4244
P001432,小米手机数码商品773,手机数码,小米,1447.76,6206
P001433,施华洛世奇礼品鲜花商品373,礼品鲜花,施华洛世奇,62.34,6064
P001434,Swisse医药保健商品794,医药保健,Swisse,612.62,7500
P001435,薇诺娜美妆护肤商品462,美妆护肤,薇诺娜,1607.01,8228
P001436,伊利食品生鲜商品538,食品生鲜,伊利,525.39,3748
P001437,百草味食品生鲜商品412,食品生鲜,百草味,412.45,5123
P001438,冠能宠物用品商品749,宠物用品,冠能,88.68,3932
P001439,H&M服装鞋包商品689,服装鞋包,H&M,161.95,4683
P001440,迪卡侬运动户外商品927,运动户外,迪卡侬,875.61,6946
P001441,米其林汽车用品商品591,汽车用品,米其林,4233.54,8722
P001442,钙尔奇医药保健商品515,医药保健,钙尔奇,23.76,3115
P001443,新秀丽箱包配饰商品831,箱包配饰,新秀丽,430.73,8754
P001444,云南白药医药保健商品350,医药保健,云南白药,994.28,8652
P001445,3M汽车用品商品721,汽车用品,3M,3864.89,2761
P001446,固特异汽车用品商品279,汽车用品,固特异,1063.42,2184
P001447,哥伦比亚运动户外商品152,运动户外,哥伦比亚,428.5,6211
P001448,完美日记美妆护肤商品215,美妆护肤,完美日记,709.02,4092
P001449,冠能宠物用品商品397,宠物用品,冠能,306.19,4809
P001450,蒙牛食品生鲜商品102,食品生鲜,蒙牛,740.65,9319
P001451,美赞臣母婴用品商品412,母婴用品,美赞臣,929.82,8446
P001452,皇家宠物用品商品574,宠物用品,皇家,893.57,7999
P001453,三星手机数码商品106,手机数码,三星,5116.48,5382
P001454,金龙鱼食品生鲜商品209,食品生鲜,金龙鱼,15.1,3050
P001455,好奇母婴用品商品109,母婴用品,好奇,110.32,8061
P001456,海尔家用电器商品641,家用电器,海尔,4357.39,2518
P001457,飞鹤母婴用品商品599,母婴用品,飞鹤,16.84,4098
P001458,苏泊尔家用电器商品504,家用电器,苏泊尔,3307.32,5971
P001459,爱他美母婴用品商品649,母婴用品,爱他美,813.43,1780
P001460,人民邮电出版社图书音像商品959,图书音像,人民邮电出版社,444.96,2291
P001461,马可波罗家居家装商品105,家居家装,马可波罗,365.64,3251
P001462,耐克服装鞋包商品391,服装鞋包,耐克,128.5,6464
P001463,好奇母婴用品商品132,母婴用品,好奇,168.71,3260
P001464,人民邮电出版社图书音像商品372,图书音像,人民邮电出版社,127.6,8012
P001465,迪卡侬运动户外商品919,运动户外,迪卡侬,684.92,2087
P001466,马可波罗家居家装商品613,家居家装,马可波罗,728.73,6370
P001467,兰蔻美妆护肤商品210,美妆护肤,兰蔻,1595.79,2066
P001468,完美日记美妆护肤商品612,美妆护肤,完美日记,76.62,3874
P001469,三星手机数码商品539,手机数码,三星,7823.29,131
P001470,强生母婴用品商品396,母婴用品,强生,289.4,1353
P001471,潮宏基珠宝首饰商品353,珠宝首饰,潮宏基,1254.35,8376
P001472,欧莱雅美妆护肤商品387,美妆护肤,欧莱雅,1545.12,4317
P001473,Swisse医药保健商品782,医药保健,Swisse,822.4,3250
P001474,人民邮电出版社图书音像商品901,图书音像,人民邮电出版社,811.85,8230
P001475,野兽派礼品鲜花商品293,礼品鲜花,野兽派,992.63,9686
P001476,米其林汽车用品商品334,汽车用品,米其林,1403.46,6574
P001477,vivo手机数码商品296,手机数码,vivo,7468.24,6984
P001478,OPPO手机数码商品193,手机数码,OPPO,6982.63,6231
P001479,花王母婴用品商品816,母婴用品,花王,636.98,3791
P001480,戴森家用电器商品536,家用电器,戴森,4093.96,8353
P001481,贝因美母婴用品商品411,母婴用品,贝因美,118.95,5956
P001482,金龙鱼食品生鲜商品828,食品生鲜,金龙鱼,423.89,5240
P001483,新秀丽箱包配饰商品286,箱包配饰,新秀丽,50.48,854
P001484,卡仕达汽车用品商品317,汽车用品,卡仕达,2639.88,4590
P001485,外交官箱包配饰商品541,箱包配饰,外交官,192.99,8049
P001486,圣象家居家装商品411,家居家装,圣象,120.41,223
P001487,米其林汽车用品商品439,汽车用品,米其林,3204.27,5920
P001488,云南白药医药保健商品343,医药保健,云南白药,653.75,3441
P001489,诺誓礼品鲜花商品189,礼品鲜花,诺誓,888.32,2137
P001490,壳牌汽车用品商品142,汽车用品,壳牌,4899.21,3120
P001491,苏泊尔家用电器商品201,家用电器,苏泊尔,1061.6,8955
P001492,花点时间礼品鲜花商品408,礼品鲜花,花点时间,728.1,3309
P001493,361度运动户外商品144,运动户外,361度,136.55,6851
P001494,骆驼运动户外商品998,运动户外,骆驼,761.76,9180
P001495,圣象家居家装商品559,家居家装,圣象,633.57,1923
P001496,COACH箱包配饰商品169,箱包配饰,COACH,487.99,8581
P001497,新秀丽箱包配饰商品270,箱包配饰,新秀丽,603.16,2112
P001498,三只松鼠食品生鲜商品679,食品生鲜,三只松鼠,70.19,3116
P001499,九芝堂医药保健商品606,医药保健,九芝堂,687.85,8412
P001500,H&M服装鞋包商品548,服装鞋包,H&M,1513.92,6293
P001501,始祖鸟运动户外商品510,运动户外,始祖鸟,611.15,3390
P001502,雅诗兰黛美妆护肤商品263,美妆护肤,雅诗兰黛,1165.2,9701
P001503,汤臣倍健医药保健商品909,医药保健,汤臣倍健,517.67,8254
P001504,同仁堂医药保健商品410,医药保健,同仁堂,853.95,4855
P001505,同仁堂医药保健商品665,医药保健,同仁堂,127.91,3668
P001506,OPPO手机数码商品398,手机数码,OPPO,793.18,2427
P001507,LV箱包配饰商品236,箱包配饰,LV,277.73,844
P001508,固特异汽车用品商品943,汽车用品,固特异,2074.79,1903
P001509,三星手机数码商品747,手机数码,三星,5038.7,6047
P001510,顾家家居家居家装商品822,家居家装,顾家家居,885.15,4326
P001511,善存医药保健商品518,医药保健,善存,899.35,4831
P001512,宜家家居家装商品740,家居家装,宜家,817.76,5824
P001513,松下家用电器商品280,家用电器,松下,2419.9,256
P001514,李宁运动户外商品839,运动户外,李宁,748.31,6258
P001515,博世汽车用品商品990,汽车用品,博世,5196.72,9901
P001516,探路者运动户外商品936,运动户外,探路者,447.76,5312
P001517,蒙牛食品生鲜商品695,食品生鲜,蒙牛,633.5,6479
P001518,薇诺娜美妆护肤商品337,美妆护肤,薇诺娜,1473.13,7109
P001519,全友家居家居家装商品590,家居家装,全友家居,102.75,2973
P001520,京东图书图书音像商品935,图书音像,京东图书,863.73,3094
P001521,诺誓礼品鲜花商品846,礼品鲜花,诺誓,188.6,4621
P001522,vivo手机数码商品266,手机数码,vivo,7139.4,6458
P001523,固特异汽车用品商品171,汽车用品,固特异,1576.42,6986
P001524,苏泊尔家用电器商品760,家用电器,苏泊尔,7777.89,1642
P001525,善存医药保健商品844,医药保健,善存,752.94,193
P001526,Roseonly礼品鲜花商品486,礼品鲜花,Roseonly,390.15,1802
P001527,皇家宠物用品商品881,宠物用品,皇家,832.21,716
P001528,欧莱雅美妆护肤商品888,美妆护肤,欧莱雅,213.01,2336
P001529,3M汽车用品商品911,汽车用品,3M,7747.71,1742
P001530,哥伦比亚运动户外商品973,运动户外,哥伦比亚,710.38,3314
P001531,薇诺娜美妆护肤商品877,美妆护肤,薇诺娜,1147.56,7279
P001532,比瑞吉宠物用品商品414,宠物用品,比瑞吉,338.44,2531
P001533,美的家用电器商品656,家用电器,美的,5690.31,8906
P001534,优衣库服装鞋包商品944,服装鞋包,优衣库,136.83,8923
P001535,百草味食品生鲜商品623,食品生鲜,百草味,887.59,6804
P001536,雅诗兰黛美妆护肤商品329,美妆护肤,雅诗兰黛,96.8,6998
P001537,爱他美母婴用品商品461,母婴用品,爱他美,658.81,3700
P001538,COACH箱包配饰商品803,箱包配饰,COACH,885.38,1841
P001539,京东图书图书音像商品212,图书音像,京东图书,232.28,4617
P001540,顾家家居家居家装商品730,家居家装,顾家家居,340.39,5906
P001541,外交官箱包配饰商品144,箱包配饰,外交官,608.46,2917
P001542,好奇母婴用品商品714,母婴用品,好奇,189.55,6967
P001543,自然堂美妆护肤商品739,美妆护肤,自然堂,1644.25,5707
P001544,外交官箱包配饰商品377,箱包配饰,外交官,917.07,6047
P001545,LV箱包配饰商品930,箱包配饰,LV,907.91,1251
P001546,周大福珠宝首饰商品982,珠宝首饰,周大福,1869.54,2435
P001547,老凤祥珠宝首饰商品427,珠宝首饰,老凤祥,338.17,7318
P001548,东阿阿胶医药保健商品934,医药保健,东阿阿胶,76.64,9467
P001549,花王母婴用品商品248,母婴用品,花王,99.54,2089
P001550,珀莱雅美妆护肤商品461,美妆护肤,珀莱雅,672.67,6944
P001551,人民邮电出版社图书音像商品523,图书音像,人民邮电出版社,605.73,5463
P001552,欧莱雅美妆护肤商品492,美妆护肤,欧莱雅,866.39,8144
P001553,迪卡侬运动户外商品645,运动户外,迪卡侬,540.85,3770
P001554,飞鹤母婴用品商品694,母婴用品,飞鹤,717.77,8633
P001555,施华洛世奇礼品鲜花商品930,礼品鲜花,施华洛世奇,750.8,1429
P001556,戴森家用电器商品102,家用电器,戴森,2024.6,281
P001557,东鹏家居家装商品236,家居家装,东鹏,921.7,976
P001558,GUCCI箱包配饰商品469,箱包配饰,GUCCI,850.26,2283
P001559,五粮液食品生鲜商品247,食品生鲜,五粮液,836.9,9035
P001560,COACH箱包配饰商品348,箱包配饰,COACH,218.63,3679
P001561,小米手机数码商品220,手机数码,小米,7715.39,2344
P001562,贝因美母婴用品商品812,母婴用品,贝因美,965.26,6089
P001563,华为手机数码商品778,手机数码,华为,4862.05,7812
P001564,比瑞吉宠物用品商品130,宠物用品,比瑞吉,155.42,2314
P001565,耐克服装鞋包商品178,服装鞋包,耐克,74.33,6823
P001566,SK-II美妆护肤商品581,美妆护肤,SK-II,1499.94,8641
P001567,同仁堂医药保健商品581,医药保健,同仁堂,417.41,5526
P001568,人民邮电出版社图书音像商品811,图书音像,人民邮电出版社,23.08,1822
P001569,雅诗兰黛美妆护肤商品757,美妆护肤,雅诗兰黛,112.63,2843
P001570,361度运动户外商品111,运动户外,361度,402.43,6940
P001571,海康威视汽车用品商品667,汽车用品,海康威视,5835.55,4227
P001572,LV箱包配饰商品826,箱包配饰,LV,235.04,2569
P001573,百草味食品生鲜商品634,食品生鲜,百草味,383.78,2050
P001574,Swisse医药保健商品510,医药保健,Swisse,622.85,3586
P001575,爱他美母婴用品商品942,母婴用品,爱他美,748.54,9163
P001576,Roseonly礼品鲜花商品936,礼品鲜花,Roseonly,695.5,7821
P001577,马可波罗家居家装商品947,家居家装,马可波罗,386.67,895
P001578,施华洛世奇珠宝首饰商品762,珠宝首饰,施华洛世奇,877.23,4422
P001579,ZARA服装鞋包商品179,服装鞋包,ZARA,757.27,5496
P001580,OPPO手机数码商品388,手机数码,OPPO,1720.7,1744
P001581,耐克服装鞋包商品711,服装鞋包,耐克,71.41,5064
P001582,西门子家用电器商品753,家用电器,西门子,7469.01,3937
P001583,百草味食品生鲜商品683,食品生鲜,百草味,569.15,9236
P001584,明牌珠宝首饰商品146,珠宝首饰,明牌,143.7,1527
P001585,三只松鼠食品生鲜商品465,食品生鲜,三只松鼠,754.16,6523
P001586,探路者运动户外商品422,运动户外,探路者,754.32,5830
P001587,兰蔻美妆护肤商品439,美妆护肤,兰蔻,844.21,8250
P001588,H&M服装鞋包商品124,服装鞋包,H&M,1194.99,6260
P001589,中信出版社图书音像商品989,图书音像,中信出版社,853.51,4753
P001590,SK-II美妆护肤商品798,美妆护肤,SK-II,953.06,1528
P001591,Swisse医药保健商品320,医药保健,Swisse,809.4,2307
P001592,老凤祥珠宝首饰商品613,珠宝首饰,老凤祥,1056.79,9973
P001593,卡仕达汽车用品商品558,汽车用品,卡仕达,6390.14,5554
P001594,金龙鱼食品生鲜商品738,食品生鲜,金龙鱼,857.39,7059
P001595,一加手机数码商品344,手机数码,一加,2066.15,10000
P001596,Roseonly礼品鲜花商品256,礼品鲜花,Roseonly,571.23,8151
P001597,优衣库服装鞋包商品246,服装鞋包,优衣库,1544.32,5071
P001598,李宁运动户外商品610,运动户外,李宁,103.17,5139
P001599,自然堂美妆护肤商品265,美妆护肤,自然堂,182.92,9445
P001600,圣象家居家装商品191,家居家装,圣象,80.42,7548
P001601,五粮液食品生鲜商品362,食品生鲜,五粮液,765.51,7242
P001602,米其林汽车用品商品226,汽车用品,米其林,7787.6,7999
P001603,三星手机数码商品979,手机数码,三星,2649.69,6701
P001604,比瑞吉宠物用品商品551,宠物用品,比瑞吉,373.06,5138
P001605,顾家家居家居家装商品798,家居家装,顾家家居,419.06,7374
P001606,三只松鼠食品生鲜商品735,食品生鲜,三只松鼠,977.66,934
P001607,Swisse医药保健商品816,医药保健,Swisse,823.02,130
P001608,兰蔻美妆护肤商品397,美妆护肤,兰蔻,782.85,9341
P001609,飞鹤母婴用品商品328,母婴用品,飞鹤,394.34,7573
P001610,壳牌汽车用品商品457,汽车用品,壳牌,3994.08,8767
P001611,MK箱包配饰商品211,箱包配饰,MK,94.96,1775
P001612,COACH箱包配饰商品886,箱包配饰,COACH,438.78,6578
P001613,顾家家居家居家装商品424,家居家装,顾家家居,349.0,9901
P001614,京东图书图书音像商品819,图书音像,京东图书,743.87,1873
P001615,五粮液食品生鲜商品139,食品生鲜,五粮液,549.63,7699
P001616,欧莱雅美妆护肤商品427,美妆护肤,欧莱雅,1158.0,9848
P001617,潮宏基珠宝首饰商品163,珠宝首饰,潮宏基,1876.1,5922
P001618,潮宏基珠宝首饰商品584,珠宝首饰,潮宏基,466.17,3465
P001619,皇家宠物用品商品876,宠物用品,皇家,686.83,4421
P001620,良品铺子食品生鲜商品185,食品生鲜,良品铺子,150.32,4487
P001621,飞鹤母婴用品商品405,母婴用品,飞鹤,875.04,7396
P001622,pidan宠物用品商品637,宠物用品,pidan,221.96,4250
P001623,雅诗兰黛美妆护肤商品194,美妆护肤,雅诗兰黛,1795.17,7021
P001624,索菲亚家居家装商品268,家居家装,索菲亚,206.62,6866
P001625,新华书店图书音像商品648,图书音像,新华书店,691.94,2632
P001626,九芝堂医药保健商品463,医药保健,九芝堂,913.47,9344
P001627,贝因美母婴用品商品674,母婴用品,贝因美,785.24,9783
P001628,海尔家用电器商品840,家用电器,海尔,5509.72,2369
P001629,圣象家居家装商品114,家居家装,圣象,159.0,7514
P001630,Samsonite箱包配饰商品611,箱包配饰,Samsonite,865.66,1861
P001631,潮宏基珠宝首饰商品369,珠宝首饰,潮宏基,1065.35,60
P001632,京东图书图书音像商品749,图书音像,京东图书,454.84,9476
P001633,优衣库服装鞋包商品323,服装鞋包,优衣库,1504.13,3074
P001634,爱他美母婴用品商品715,母婴用品,爱他美,383.78,5703
P001635,西门子家用电器商品795,家用电器,西门子,4826.27,235
P001636,圣象家居家装商品116,家居家装,圣象,308.93,5029
P001637,李宁运动户外商品816,运动户外,李宁,504.14,7471
P001638,帮宝适母婴用品商品460,母婴用品,帮宝适,358.69,8887
P001639,好奇母婴用品商品216,母婴用品,好奇,927.09,7517
P001640,好奇母婴用品商品281,母婴用品,好奇,557.23,2664
P001641,始祖鸟运动户外商品490,运动户外,始祖鸟,292.18,7167
P001642,博世汽车用品商品818,汽车用品,博世,5152.82,1625
P001643,ZARA服装鞋包商品191,服装鞋包,ZARA,1316.77,6738
P001644,波司登服装鞋包商品867,服装鞋包,波司登,1515.87,8924
P001645,波司登服装鞋包商品615,服装鞋包,波司登,1183.41,534
P001646,博世汽车用品商品972,汽车用品,博世,3654.81,3651
P001647,明牌珠宝首饰商品664,珠宝首饰,明牌,793.11,3204
P001648,小佩宠物用品商品227,宠物用品,小佩,357.11,7601
P001649,帮宝适母婴用品商品107,母婴用品,帮宝适,940.22,3668
P001650,骆驼运动户外商品374,运动户外,骆驼,880.81,4333
P001651,福临门食品生鲜商品789,食品生鲜,福临门,249.14,6792
P001652,苹果手机数码商品126,手机数码,苹果,1650.32,6134
P001653,网易严选宠物用品商品443,宠物用品,网易严选,178.71,9374
P001654,美赞臣母婴用品商品669,母婴用品,美赞臣,973.76,3156
P001655,施华洛世奇礼品鲜花商品502,礼品鲜花,施华洛世奇,830.26,9467
P001656,爱他美母婴用品商品751,母婴用品,爱他美,396.51,2846
P001657,好奇母婴用品商品629,母婴用品,好奇,166.86,3784
P001658,H&M服装鞋包商品616,服装鞋包,H&M,280.83,9452
P001659,潮宏基珠宝首饰商品963,珠宝首饰,潮宏基,1536.24,4263
P001660,比瑞吉宠物用品商品430,宠物用品,比瑞吉,211.72,1528
P001661,一加手机数码商品111,手机数码,一加,5216.71,9720
P001662,雅诗兰黛美妆护肤商品732,美妆护肤,雅诗兰黛,1429.77,1290
P001663,诺誓礼品鲜花商品125,礼品鲜花,诺誓,744.92,2138
P001664,人民邮电出版社图书音像商品746,图书音像,人民邮电出版社,779.81,3056
P001665,西门子家用电器商品404,家用电器,西门子,1953.72,4018
P001666,九芝堂医药保健商品888,医药保健,九芝堂,267.87,847
P001667,百草味食品生鲜商品247,食品生鲜,百草味,631.16,9492
P001668,冠能宠物用品商品213,宠物用品,冠能,464.54,9763
P001669,ZARA服装鞋包商品245,服装鞋包,ZARA,600.8,2959
P001670,ZARA服装鞋包商品606,服装鞋包,ZARA,1697.02,3407
P001671,飞鹤母婴用品商品602,母婴用品,飞鹤,797.49,6778
P001672,波司登服装鞋包商品740,服装鞋包,波司登,198.81,6879
P001673,好奇母婴用品商品748,母婴用品,好奇,909.22,2639
P001674,自然堂美妆护肤商品110,美妆护肤,自然堂,1812.09,9294
P001675,3M汽车用品商品220,汽车用品,3M,7819.37,5681
P001676,中信出版社图书音像商品714,图书音像,中信出版社,551.02,2595
P001677,骆驼运动户外商品224,运动户外,骆驼,200.92,484
P001678,安踏运动户外商品630,运动户外,安踏,516.63,2496
P001679,戴森家用电器商品217,家用电器,戴森,7239.29,483
P001680,全友家居家居家装商品325,家居家装,全友家居,92.61,2073
P001681,伊利食品生鲜商品593,食品生鲜,伊利,207.25,1506
P001682,索菲亚家居家装商品578,家居家装,索菲亚,747.74,8123
P001683,帮宝适母婴用品商品297,母婴用品,帮宝适,257.59,3242
P001684,博世汽车用品商品502,汽车用品,博世,1271.71,9626
P001685,良品铺子食品生鲜商品913,食品生鲜,良品铺子,213.77,7992
P001686,强生母婴用品商品533,母婴用品,强生,600.37,4451
P001687,网易严选宠物用品商品737,宠物用品,网易严选,116.48,6275
P001688,美赞臣母婴用品商品680,母婴用品,美赞臣,359.39,1052
P001689,京东图书图书音像商品134,图书音像,京东图书,958.52,4146
P001690,诺誓礼品鲜花商品400,礼品鲜花,诺誓,607.84,8691
P001691,马可波罗家居家装商品130,家居家装,马可波罗,123.5,5286
P001692,爱他美母婴用品商品466,母婴用品,爱他美,252.86,3525
P001693,卡仕达汽车用品商品480,汽车用品,卡仕达,1587.8,5151
P001694,优衣库服装鞋包商品426,服装鞋包,优衣库,1392.17,5388
P001695,苏泊尔家用电器商品681,家用电器,苏泊尔,6464.3,3811
P001696,李宁运动户外商品494,运动户外,李宁,290.78,3476
P001697,探路者运动户外商品205,运动户外,探路者,565.35,9959
P001698,外交官箱包配饰商品687,箱包配饰,外交官,893.74,6909
P001699,凌度汽车用品商品425,汽车用品,凌度,6600.46,3246
P001700,美的家用电器商品921,家用电器,美的,4204.51,766
P001701,福临门食品生鲜商品222,食品生鲜,福临门,132.85,2803
P001702,花点时间礼品鲜花商品705,礼品鲜花,花点时间,389.03,9443
P001703,vivo手机数码商品118,手机数码,vivo,5327.5,9433
P001704,荣耀手机数码商品391,手机数码,荣耀,1482.94,6599
P001705,苹果手机数码商品445,手机数码,苹果,5335.82,1137
P001706,当当图书音像商品949,图书音像,当当,804.49,4931
P001707,金龙鱼食品生鲜商品871,食品生鲜,金龙鱼,352.37,1306
P001708,哥伦比亚运动户外商品605,运动户外,哥伦比亚,616.2,6444
P001709,五粮液食品生鲜商品605,食品生鲜,五粮液,850.19,1989
P001710,网易严选宠物用品商品732,宠物用品,网易严选,111.72,3670
P001711,苹果手机数码商品242,手机数码,苹果,1288.52,5289
P001712,pidan宠物用品商品331,宠物用品,pidan,178.49,3131
P001713,云南白药医药保健商品935,医药保健,云南白药,903.85,80
P001714,新秀丽箱包配饰商品365,箱包配饰,新秀丽,884.49,705
P001715,优衣库服装鞋包商品411,服装鞋包,优衣库,196.33,5395
P001716,九芝堂医药保健商品376,医药保健,九芝堂,701.68,2257
P001717,诺誓礼品鲜花商品222,礼品鲜花,诺誓,135.03,2424
P001718,潮宏基珠宝首饰商品752,珠宝首饰,潮宏基,921.22,2004
P001719,探路者运动户外商品691,运动户外,探路者,483.15,8029
P001720,金龙鱼食品生鲜商品891,食品生鲜,金龙鱼,733.56,3700
P001721,阿迪达斯服装鞋包商品884,服装鞋包,阿迪达斯,627.66,1356
P001722,曲美家居家装商品775,家居家装,曲美,650.66,3373
P001723,钙尔奇医药保健商品176,医药保健,钙尔奇,972.05,987
P001724,美的家用电器商品786,家用电器,美的,2121.02,6308
P001725,苏泊尔家用电器商品207,家用电器,苏泊尔,3053.38,9675
P001726,施华洛世奇珠宝首饰商品878,珠宝首饰,施华洛世奇,1891.54,7438
P001727,米其林汽车用品商品968,汽车用品,米其林,4283.84,2130
P001728,戴森家用电器商品494,家用电器,戴森,7812.99,8412
P001729,小米家用电器商品292,家用电器,小米,1014.79,6931
P001730,自然堂美妆护肤商品990,美妆护肤,自然堂,1175.62,1672
P001731,薇诺娜美妆护肤商品997,美妆护肤,薇诺娜,258.99,1805
P001732,美的家用电器商品571,家用电器,美的,1902.72,468
P001733,人民邮电出版社图书音像商品643,图书音像,人民邮电出版社,458.11,4351
P001734,ZARA服装鞋包商品462,服装鞋包,ZARA,891.37,2467
P001735,帮宝适母婴用品商品620,母婴用品,帮宝适,340.4,7230
P001736,金龙鱼食品生鲜商品200,食品生鲜,金龙鱼,58.64,6267
P001737,九芝堂医药保健商品298,医药保健,九芝堂,301.07,6597
P001738,自然堂美妆护肤商品642,美妆护肤,自然堂,1234.52,8497
P001739,飞鹤母婴用品商品797,母婴用品,飞鹤,59.37,4078
P001740,耐克服装鞋包商品217,服装鞋包,耐克,153.62,584
P001741,花点时间礼品鲜花商品344,礼品鲜花,花点时间,75.19,1655
P001742,蒙牛食品生鲜商品735,食品生鲜,蒙牛,702.52,6628
P001743,帮宝适母婴用品商品203,母婴用品,帮宝适,227.69,4395
P001744,京东图书图书音像商品275,图书音像,京东图书,787.87,5695
P001745,博世汽车用品商品822,汽车用品,博世,4972.35,50
P001746,H&M服装鞋包商品615,服装鞋包,H&M,1820.18,7811
P001747,同仁堂医药保健商品973,医药保健,同仁堂,907.6,3909
P001748,完美日记美妆护肤商品797,美妆护肤,完美日记,185.44,3069
P001749,东鹏家居家装商品245,家居家装,东鹏,962.62,7775
P001750,好奇母婴用品商品121,母婴用品,好奇,185.74,4322
P001751,外交官箱包配饰商品274,箱包配饰,外交官,682.41,159
P001752,花点时间礼品鲜花商品585,礼品鲜花,花点时间,587.33,8000
P001753,麦富迪宠物用品商品583,宠物用品,麦富迪,118.29,284
P001754,施华洛世奇礼品鲜花商品397,礼品鲜花,施华洛世奇,837.01,8606
P001755,361度运动户外商品873,运动户外,361度,155.12,1538
P001756,阿迪达斯服装鞋包商品923,服装鞋包,阿迪达斯,1485.56,7415
P001757,人民邮电出版社图书音像商品459,图书音像,人民邮电出版社,989.9,4216
P001758,海康威视汽车用品商品359,汽车用品,海康威视,3232.17,222
P001759,网易严选宠物用品商品408,宠物用品,网易严选,713.06,8484
P001760,明牌珠宝首饰商品215,珠宝首饰,明牌,576.38,8508
P001761,汤臣倍健医药保健商品251,医药保健,汤臣倍健,978.85,3608
P001762,米其林汽车用品商品465,汽车用品,米其林,4233.74,4003
P001763,施华洛世奇礼品鲜花商品812,礼品鲜花,施华洛世奇,973.56,5888
P001764,海尔家用电器商品298,家用电器,海尔,7404.85,6189
P001765,壳牌汽车用品商品380,汽车用品,壳牌,7078.58,8927
P001766,MK箱包配饰商品997,箱包配饰,MK,531.64,4346
P001767,GUCCI箱包配饰商品439,箱包配饰,GUCCI,397.12,6836
P001768,伊利食品生鲜商品295,食品生鲜,伊利,50.69,8520
P001769,云南白药医药保健商品954,医药保健,云南白药,616.24,7101
P001770,明牌珠宝首饰商品680,珠宝首饰,明牌,1937.9,5685
P001771,百草味食品生鲜商品108,食品生鲜,百草味,503.94,2410
P001772,人民邮电出版社图书音像商品253,图书音像,人民邮电出版社,527.95,4747
P001773,潘多拉礼品鲜花商品780,礼品鲜花,潘多拉,170.98,7976
P001774,百草味食品生鲜商品918,食品生鲜,百草味,301.78,7436
P001775,OPPO手机数码商品389,手机数码,OPPO,6691.03,2022
P001776,荣耀手机数码商品413,手机数码,荣耀,538.18,5771
P001777,3M汽车用品商品151,汽车用品,3M,2385.75,5737
P001778,LV箱包配饰商品904,箱包配饰,LV,860.42,9187
P001779,兰蔻美妆护肤商品830,美妆护肤,兰蔻,577.8,3223
P001780,飞鹤母婴用品商品397,母婴用品,飞鹤,226.67,7752
P001781,GUCCI箱包配饰商品354,箱包配饰,GUCCI,813.59,6328
P001782,帮宝适母婴用品商品200,母婴用品,帮宝适,894.1,4948
P001783,花点时间礼品鲜花商品277,礼品鲜花,花点时间,568.27,5283
P001784,老凤祥珠宝首饰商品799,珠宝首饰,老凤祥,1546.94,4096
P001785,珀莱雅美妆护肤商品667,美妆护肤,珀莱雅,439.07,4997
P001786,阿迪达斯服装鞋包商品680,服装鞋包,阿迪达斯,1857.88,7555
P001787,361度运动户外商品484,运动户外,361度,784.58,7158
P001788,H&M服装鞋包商品639,服装鞋包,H&M,911.71,5132
P001789,哥伦比亚运动户外商品579,运动户外,哥伦比亚,360.65,7643
P001790,帮宝适母婴用品商品572,母婴用品,帮宝适,37.4,9157
P001791,一加手机数码商品190,手机数码,一加,6168.92,4954
P001792,六福珠宝珠宝首饰商品694,珠宝首饰,六福珠宝,1048.8,2085
P001793,潘多拉礼品鲜花商品679,礼品鲜花,潘多拉,879.03,877
P001794,潮宏基珠宝首饰商品228,珠宝首饰,潮宏基,835.74,97
P001795,中信出版社图书音像商品571,图书音像,中信出版社,840.81,1387
P001796,vivo手机数码商品949,手机数码,vivo,7896.3,1753
P001797,顾家家居家居家装商品941,家居家装,顾家家居,297.67,7888
P001798,云南白药医药保健商品985,医药保健,云南白药,70.26,9578
P001799,3M汽车用品商品818,汽车用品,3M,2037.98,2361
P001800,迪卡侬运动户外商品239,运动户外,迪卡侬,231.31,2535
P001801,伊利食品生鲜商品836,食品生鲜,伊利,989.27,105
P001802,明牌珠宝首饰商品738,珠宝首饰,明牌,1391.16,1879
P001803,优衣库服装鞋包商品256,服装鞋包,优衣库,1227.39,1983
P001804,李宁运动户外商品353,运动户外,李宁,212.25,7761
P001805,荣耀手机数码商品500,手机数码,荣耀,917.4,1995
P001806,福临门食品生鲜商品595,食品生鲜,福临门,982.87,3849
P001807,耐威克宠物用品商品941,宠物用品,耐威克,616.63,7194
P001808,冠能宠物用品商品542,宠物用品,冠能,154.78,354
P001809,SK-II美妆护肤商品938,美妆护肤,SK-II,1501.97,3943
P001810,欧莱雅美妆护肤商品587,美妆护肤,欧莱雅,986.91,4742
P001811,壳牌汽车用品商品702,汽车用品,壳牌,4197.23,4508
P001812,帮宝适母婴用品商品814,母婴用品,帮宝适,801.86,7601
P001813,帮宝适母婴用品商品251,母婴用品,帮宝适,37.69,7488
P001814,七匹狼服装鞋包商品111,服装鞋包,七匹狼,1182.05,558
P001815,海康威视汽车用品商品143,汽车用品,海康威视,7310.81,5811
P001816,薇诺娜美妆护肤商品840,美妆护肤,薇诺娜,943.78,149
P001817,完美日记美妆护肤商品612,美妆护肤,完美日记,1718.89,8244
P001818,戴森家用电器商品823,家用电器,戴森,4437.92,8405
P001819,H&M服装鞋包商品771,服装鞋包,H&M,345.24,9226
P001820,东鹏家居家装商品832,家居家装,东鹏,860.08,2294
P001821,伊利食品生鲜商品503,食品生鲜,伊利,77.53,7925
P001822,强生母婴用品商品720,母婴用品,强生,662.38,9437
P001823,同仁堂医药保健商品232,医药保健,同仁堂,700.79,9647
P001824,花点时间礼品鲜花商品698,礼品鲜花,花点时间,621.3,6615
P001825,优衣库服装鞋包商品130,服装鞋包,优衣库,1711.46,2607
P001826,海尔家用电器商品781,家用电器,海尔,1296.65,7805
P001827,曲美家居家装商品890,家居家装,曲美,810.47,3876
P001828,H&M服装鞋包商品845,服装鞋包,H&M,1790.32,6882
P001829,外交官箱包配饰商品163,箱包配饰,外交官,615.78,1875
P001830,华为手机数码商品552,手机数码,华为,6225.14,9937
P001831,3M汽车用品商品278,汽车用品,3M,2908.69,7364
P001832,爱他美母婴用品商品752,母婴用品,爱他美,578.04,3272
P001833,松下家用电器商品602,家用电器,松下,3781.36,4687
P001834,西门子家用电器商品859,家用电器,西门子,1715.67,8659
P001835,六福珠宝珠宝首饰商品188,珠宝首饰,六福珠宝,1185.11,1576
P001836,美的家用电器商品929,家用电器,美的,1554.22,85
P001837,马可波罗家居家装商品681,家居家装,马可波罗,551.12,1179
P001838,全友家居家居家装商品798,家居家装,全友家居,732.68,8653
P001839,京东图书图书音像商品952,图书音像,京东图书,215.4,7761
P001840,哥伦比亚运动户外商品465,运动户外,哥伦比亚,622.29,9153
P001841,比瑞吉宠物用品商品920,宠物用品,比瑞吉,76.48,7004
P001842,凌度汽车用品商品994,汽车用品,凌度,1031.51,1280
P001843,自然堂美妆护肤商品203,美妆护肤,自然堂,279.96,3777
P001844,三星手机数码商品123,手机数码,三星,2180.16,4749
P001845,LV箱包配饰商品499,箱包配饰,LV,706.24,1113
P001846,比瑞吉宠物用品商品394,宠物用品,比瑞吉,84.03,9426
P001847,松下家用电器商品508,家用电器,松下,5139.84,8944
P001848,钙尔奇医药保健商品696,医药保健,钙尔奇,476.27,4309
P001849,3M汽车用品商品133,汽车用品,3M,3035.34,4274
P001850,戴森家用电器商品883,家用电器,戴森,945.44,3346
P001851,哥伦比亚运动户外商品875,运动户外,哥伦比亚,666.7,1021
P001852,苏泊尔家用电器商品174,家用电器,苏泊尔,6542.47,9238
P001853,新秀丽箱包配饰商品454,箱包配饰,新秀丽,981.25,6819
P001854,施华洛世奇礼品鲜花商品727,礼品鲜花,施华洛世奇,930.07,9034
P001855,京东图书图书音像商品377,图书音像,京东图书,726.1,1704
P001856,荣耀手机数码商品619,手机数码,荣耀,2189.34,5738
P001857,强生母婴用品商品410,母婴用品,强生,783.73,3731
P001858,苹果手机数码商品126,手机数码,苹果,6302.1,3214
P001859,始祖鸟运动户外商品798,运动户外,始祖鸟,686.76,296
P001860,迪卡侬运动户外商品153,运动户外,迪卡侬,393.25,6180
P001861,善存医药保健商品540,医药保健,善存,704.32,9003
P001862,兰蔻美妆护肤商品548,美妆护肤,兰蔻,280.09,6024
P001863,曲美家居家装商品451,家居家装,曲美,442.16,949
P001864,西门子家用电器商品194,家用电器,西门子,4914.63,3721
P001865,贝因美母婴用品商品921,母婴用品,贝因美,24.75,4094
P001866,皇家宠物用品商品178,宠物用品,皇家,66.09,7185
P001867,自然堂美妆护肤商品144,美妆护肤,自然堂,662.55,9869
P001868,固特异汽车用品商品399,汽车用品,固特异,1472.87,6517
P001869,人民邮电出版社图书音像商品225,图书音像,人民邮电出版社,660.02,1251
P001870,蒙牛食品生鲜商品606,食品生鲜,蒙牛,708.2,5848
P001871,瑞士军威箱包配饰商品554,箱包配饰,瑞士军威,716.0,6011
P001872,潘多拉珠宝首饰商品989,珠宝首饰,潘多拉,1324.61,8631
P001873,LV箱包配饰商品426,箱包配饰,LV,700.79,8248
P001874,优衣库服装鞋包商品454,服装鞋包,优衣库,1805.83,7966
P001875,百草味食品生鲜商品308,食品生鲜,百草味,912.93,8535
P001876,松下家用电器商品859,家用电器,松下,4647.24,2011
P001877,全友家居家居家装商品136,家居家装,全友家居,978.13,7213
P001878,海康威视汽车用品商品216,汽车用品,海康威视,659.67,553
P001879,伊利食品生鲜商品702,食品生鲜,伊利,390.33,1384
P001880,vivo手机数码商品975,手机数码,vivo,5073.11,8115
P001881,一加手机数码商品493,手机数码,一加,3830.15,3677
P001882,小米家用电器商品288,家用电器,小米,5449.44,8724
P001883,vivo手机数码商品132,手机数码,vivo,4561.62,5698
P001884,新秀丽箱包配饰商品723,箱包配饰,新秀丽,756.93,5508
P001885,LV箱包配饰商品929,箱包配饰,LV,755.79,3547
P001886,周大福珠宝首饰商品449,珠宝首饰,周大福,1465.28,7111
P001887,pidan宠物用品商品901,宠物用品,pidan,731.93,935
P001888,周生生珠宝首饰商品666,珠宝首饰,周生生,806.82,4709
P001889,小佩宠物用品商品534,宠物用品,小佩,576.88,9311
P001890,潘多拉珠宝首饰商品266,珠宝首饰,潘多拉,1922.59,7656
P001891,Swisse医药保健商品235,医药保健,Swisse,908.64,4598
P001892,潘多拉珠宝首饰商品187,珠宝首饰,潘多拉,1997.67,8893
P001893,金龙鱼食品生鲜商品684,食品生鲜,金龙鱼,400.66,4493
P001894,索菲亚家居家装商品775,家居家装,索菲亚,258.01,9961
P001895,华为手机数码商品414,手机数码,华为,4763.31,5259
P001896,耐威克宠物用品商品967,宠物用品,耐威克,187.0,7581
P001897,荣耀手机数码商品109,手机数码,荣耀,3998.3,5877
P001898,人民邮电出版社图书音像商品964,图书音像,人民邮电出版社,561.04,6694
P001899,华为手机数码商品383,手机数码,华为,7227.83,9034
P001900,顾家家居家居家装商品551,家居家装,顾家家居,188.01,4524
P001901,五粮液食品生鲜商品230,食品生鲜,五粮液,235.14,2858
P001902,雅诗兰黛美妆护肤商品338,美妆护肤,雅诗兰黛,273.17,630
P001903,薇诺娜美妆护肤商品693,美妆护肤,薇诺娜,668.8,9067
P001904,Swisse医药保健商品162,医药保健,Swisse,952.19,4244
P001905,三只松鼠食品生鲜商品794,食品生鲜,三只松鼠,846.48,5789
P001906,安踏运动户外商品714,运动户外,安踏,242.35,1788
P001907,波司登服装鞋包商品215,服装鞋包,波司登,1046.52,3882
P001908,戴森家用电器商品684,家用电器,戴森,3285.2,6815
P001909,七匹狼服装鞋包商品996,服装鞋包,七匹狼,602.01,404
P001910,圣象家居家装商品443,家居家装,圣象,975.35,6139
P001911,博库网图书音像商品736,图书音像,博库网,40.85,6034
P001912,vivo手机数码商品253,手机数码,vivo,7339.04,418
P001913,耐克服装鞋包商品927,服装鞋包,耐克,660.56,8326
P001914,施华洛世奇珠宝首饰商品320,珠宝首饰,施华洛世奇,788.74,9546
P001915,小米手机数码商品490,手机数码,小米,6219.59,1285
P001916,耐克服装鞋包商品678,服装鞋包,耐克,1031.82,9411
P001917,凌度汽车用品商品651,汽车用品,凌度,5997.84,8646
P001918,周大福珠宝首饰商品721,珠宝首饰,周大福,971.04,8592
P001919,迪卡侬运动户外商品424,运动户外,迪卡侬,276.49,9424
P001920,蒙牛食品生鲜商品436,食品生鲜,蒙牛,250.64,5930
P001921,苏泊尔家用电器商品422,家用电器,苏泊尔,6111.41,1890
P001922,Swisse医药保健商品555,医药保健,Swisse,735.47,6716
P001923,顾家家居家居家装商品460,家居家装,顾家家居,564.85,1252
P001924,GUCCI箱包配饰商品769,箱包配饰,GUCCI,489.31,3774
P001925,新华书店图书音像商品335,图书音像,新华书店,573.65,2052
P001926,瑞士军威箱包配饰商品895,箱包配饰,瑞士军威,910.17,9580
P001927,米其林汽车用品商品720,汽车用品,米其林,2452.09,4700
P001928,圣象家居家装商品220,家居家装,圣象,90.69,6898
P001929,361度运动户外商品689,运动户外,361度,499.26,3245
P001930,Samsonite箱包配饰商品997,箱包配饰,Samsonite,459.53,2732
P001931,七匹狼服装鞋包商品369,服装鞋包,七匹狼,1542.74,7698
P001932,钙尔奇医药保健商品229,医药保健,钙尔奇,870.76,7068
P001933,小米手机数码商品174,手机数码,小米,1492.83,8672
P001934,COACH箱包配饰商品532,箱包配饰,COACH,360.82,6591
P001935,Swisse医药保健商品829,医药保健,Swisse,300.46,5518
P001936,GUCCI箱包配饰商品705,箱包配饰,GUCCI,612.67,1765
P001937,汤臣倍健医药保健商品175,医药保健,汤臣倍健,741.36,5815
P001938,新华书店图书音像商品745,图书音像,新华书店,455.26,7138
P001939,五粮液食品生鲜商品816,食品生鲜,五粮液,143.26,3005
P001940,钙尔奇医药保健商品255,医药保健,钙尔奇,896.64,9724
P001941,花点时间礼品鲜花商品790,礼品鲜花,花点时间,652.91,6215
P001942,东鹏家居家装商品280,家居家装,东鹏,513.58,9635
P001943,百草味食品生鲜商品337,食品生鲜,百草味,304.38,5588
P001944,一加手机数码商品392,手机数码,一加,2921.0,5219
P001945,老凤祥珠宝首饰商品246,珠宝首饰,老凤祥,131.77,3451
P001946,花王母婴用品商品688,母婴用品,花王,880.79,5150
P001947,海澜之家服装鞋包商品391,服装鞋包,海澜之家,372.91,4716
P001948,五粮液食品生鲜商品549,食品生鲜,五粮液,231.4,2774
P001949,伊利食品生鲜商品720,食品生鲜,伊利,755.93,3795
P001950,博世汽车用品商品244,汽车用品,博世,1219.82,9046
P001951,比瑞吉宠物用品商品128,宠物用品,比瑞吉,602.41,651
P001952,瑞士军威箱包配饰商品106,箱包配饰,瑞士军威,493.48,422
P001953,曲美家居家装商品388,家居家装,曲美,942.39,9357
P001954,强生母婴用品商品633,母婴用品,强生,134.92,7435
P001955,百草味食品生鲜商品833,食品生鲜,百草味,709.26,1965
P001956,新华书店图书音像商品605,图书音像,新华书店,270.43,2241
P001957,百草味食品生鲜商品462,食品生鲜,百草味,805.6,3644
P001958,钙尔奇医药保健商品434,医药保健,钙尔奇,165.16,5494
P001959,五粮液食品生鲜商品745,食品生鲜,五粮液,738.17,1213
P001960,云南白药医药保健商品139,医药保健,云南白药,439.04,8540
P001961,曲美家居家装商品961,家居家装,曲美,562.59,583
P001962,3M汽车用品商品351,汽车用品,3M,1526.56,6163
P001963,麦富迪宠物用品商品789,宠物用品,麦富迪,203.72,7702
P001964,薇诺娜美妆护肤商品933,美妆护肤,薇诺娜,414.85,8138
P001965,良品铺子食品生鲜商品303,食品生鲜,良品铺子,638.42,1453
P001966,探路者运动户外商品103,运动户外,探路者,439.98,8039
P001967,探路者运动户外商品827,运动户外,探路者,186.33,6851
P001968,同仁堂医药保健商品728,医药保健,同仁堂,386.49,9566
P001969,戴森家用电器商品595,家用电器,戴森,4478.46,2950
P001970,LV箱包配饰商品960,箱包配饰,LV,239.57,4786
P001971,海康威视汽车用品商品601,汽车用品,海康威视,6475.6,6425
P001972,花点时间礼品鲜花商品656,礼品鲜花,花点时间,486.15,1581
P001973,海尔家用电器商品873,家用电器,海尔,6229.52,6874
P001974,博库网图书音像商品353,图书音像,博库网,665.79,1897
P001975,薇诺娜美妆护肤商品426,美妆护肤,薇诺娜,1338.2,5694
P001976,九芝堂医药保健商品821,医药保健,九芝堂,136.78,7925
P001977,小佩宠物用品商品715,宠物用品,小佩,417.88,3847
P001978,vivo手机数码商品374,手机数码,vivo,4306.16,6701
P001979,三星手机数码商品367,手机数码,三星,5562.42,6737
P001980,强生母婴用品商品535,母婴用品,强生,404.69,895
P001981,五粮液食品生鲜商品845,食品生鲜,五粮液,226.76,747
P001982,五粮液食品生鲜商品519,食品生鲜,五粮液,229.1,2728
P001983,探路者运动户外商品898,运动户外,探路者,629.03,5401
P001984,雅诗兰黛美妆护肤商品839,美妆护肤,雅诗兰黛,91.18,6212
P001985,海澜之家服装鞋包商品461,服装鞋包,海澜之家,1545.34,9058
P001986,优衣库服装鞋包商品631,服装鞋包,优衣库,460.4,8773
P001987,格力家用电器商品958,家用电器,格力,4517.74,3757
P001988,良品铺子食品生鲜商品482,食品生鲜,良品铺子,338.19,3532
P001989,探路者运动户外商品113,运动户外,探路者,45.71,328
P001990,周生生珠宝首饰商品613,珠宝首饰,周生生,825.98,7944
P001991,小米手机数码商品389,手机数码,小米,2761.0,3768
P001992,固特异汽车用品商品134,汽车用品,固特异,2543.44,2025
P001993,pidan宠物用品商品771,宠物用品,pidan,406.74,4423
P001994,冠能宠物用品商品178,宠物用品,冠能,83.15,6805
P001995,苹果手机数码商品860,手机数码,苹果,6726.89,9910
P001996,Samsonite箱包配饰商品197,箱包配饰,Samsonite,738.51,6408
P001997,松下家用电器商品903,家用电器,松下,2927.95,8394
P001998,汤臣倍健医药保健商品409,医药保健,汤臣倍健,281.31,3320
P001999,阿迪达斯服装鞋包商品771,服装鞋包,阿迪达斯,1173.59,6169
P002000,福临门食品生鲜商品195,食品生鲜,福临门,230.03,6657
